,VJ.combi,count.seq,mouseID,analysis_type,filename,path
150,IGHV1-62_IGHJ3*01_39_2,2,m31,biopsy_YFP,IGHV1-62_IGHJ3-01_39_2,/home/hieunguyen/CRC1382/outdir/molmed_server/mixcr_pipeline_output/data_analysis/05_output/CDR3_0.15/m31/biopsy_YFP_MIDs/m31_biopsy_YFP_IGHV1-62_IGHJ3-01_39_2.aln.fasta
233,IGHV2-9_IGHJ4*01_48_1,2,m31,biopsy_YFP,IGHV2-9_IGHJ4-01_48_1,/home/hieunguyen/CRC1382/outdir/molmed_server/mixcr_pipeline_output/data_analysis/05_output/CDR3_0.15/m31/biopsy_YFP_MIDs/m31_biopsy_YFP_IGHV2-9_IGHJ4-01_48_1.aln.fasta
79,IGHV1-62_IGHJ4*01_57_1,2,m31,biopsy_YFP,IGHV1-62_IGHJ4-01_57_1,/home/hieunguyen/CRC1382/outdir/molmed_server/mixcr_pipeline_output/data_analysis/05_output/CDR3_0.15/m31/biopsy_YFP_MIDs/m31_biopsy_YFP_IGHV1-62_IGHJ4-01_57_1.aln.fasta
266,IGHV1-26*01_IGHJ2*01_45_1,3,m31,biopsy_YFP,IGHV1-26-01_IGHJ2-01_45_1,/home/hieunguyen/CRC1382/outdir/molmed_server/mixcr_pipeline_output/data_analysis/05_output/CDR3_0.15/m31/biopsy_YFP_MIDs/m31_biopsy_YFP_IGHV1-26-01_IGHJ2-01_45_1.aln.fasta
265,IGHV1-58*01_IGHJ3*01_51_1,3,m31,biopsy_YFP,IGHV1-58-01_IGHJ3-01_51_1,/home/hieunguyen/CRC1382/outdir/molmed_server/mixcr_pipeline_output/data_analysis/05_output/CDR3_0.15/m31/biopsy_YFP_MIDs/m31_biopsy_YFP_IGHV1-58-01_IGHJ3-01_51_1.aln.fasta
264,IGHV1-39*01_IGHJ1*03_48_1,3,m31,biopsy_YFP,IGHV1-39-01_IGHJ1-03_48_1,/home/hieunguyen/CRC1382/outdir/molmed_server/mixcr_pipeline_output/data_analysis/05_output/CDR3_0.15/m31/biopsy_YFP_MIDs/m31_biopsy_YFP_IGHV1-39-01_IGHJ1-03_48_1.aln.fasta
263,IGHV1-66*01_IGHJ4*01_48_1,3,m31,biopsy_YFP,IGHV1-66-01_IGHJ4-01_48_1,/home/hieunguyen/CRC1382/outdir/molmed_server/mixcr_pipeline_output/data_analysis/05_output/CDR3_0.15/m31/biopsy_YFP_MIDs/m31_biopsy_YFP_IGHV1-66-01_IGHJ4-01_48_1.aln.fasta
262,IGHV1-66*01_IGHJ4*01_39_1,3,m31,biopsy_YFP,IGHV1-66-01_IGHJ4-01_39_1,/home/hieunguyen/CRC1382/outdir/molmed_server/mixcr_pipeline_output/data_analysis/05_output/CDR3_0.15/m31/biopsy_YFP_MIDs/m31_biopsy_YFP_IGHV1-66-01_IGHJ4-01_39_1.aln.fasta
260,IGHV1-72*01_IGHJ2*01_51_3,3,m31,biopsy_YFP,IGHV1-72-01_IGHJ2-01_51_3,/home/hieunguyen/CRC1382/outdir/molmed_server/mixcr_pipeline_output/data_analysis/05_output/CDR3_0.15/m31/biopsy_YFP_MIDs/m31_biopsy_YFP_IGHV1-72-01_IGHJ2-01_51_3.aln.fasta
259,IGHV1-72*01_IGHJ2*01_51_1,3,m31,biopsy_YFP,IGHV1-72-01_IGHJ2-01_51_1,/home/hieunguyen/CRC1382/outdir/molmed_server/mixcr_pipeline_output/data_analysis/05_output/CDR3_0.15/m31/biopsy_YFP_MIDs/m31_biopsy_YFP_IGHV1-72-01_IGHJ2-01_51_1.aln.fasta
253,IGHV1-58*01_IGHJ2*01_30_1,3,m31,biopsy_YFP,IGHV1-58-01_IGHJ2-01_30_1,/home/hieunguyen/CRC1382/outdir/molmed_server/mixcr_pipeline_output/data_analysis/05_output/CDR3_0.15/m31/biopsy_YFP_MIDs/m31_biopsy_YFP_IGHV1-58-01_IGHJ2-01_30_1.aln.fasta
252,IGHV1-58*01_IGHJ4*01_51_1,3,m31,biopsy_YFP,IGHV1-58-01_IGHJ4-01_51_1,/home/hieunguyen/CRC1382/outdir/molmed_server/mixcr_pipeline_output/data_analysis/05_output/CDR3_0.15/m31/biopsy_YFP_MIDs/m31_biopsy_YFP_IGHV1-58-01_IGHJ4-01_51_1.aln.fasta
250,IGHV6-3*01_IGHJ3*01_30_1,3,m31,biopsy_YFP,IGHV6-3-01_IGHJ3-01_30_1,/home/hieunguyen/CRC1382/outdir/molmed_server/mixcr_pipeline_output/data_analysis/05_output/CDR3_0.15/m31/biopsy_YFP_MIDs/m31_biopsy_YFP_IGHV6-3-01_IGHJ3-01_30_1.aln.fasta
248,IGHV5-4*01_IGHJ1*03_45_1,3,m31,biopsy_YFP,IGHV5-4-01_IGHJ1-03_45_1,/home/hieunguyen/CRC1382/outdir/molmed_server/mixcr_pipeline_output/data_analysis/05_output/CDR3_0.15/m31/biopsy_YFP_MIDs/m31_biopsy_YFP_IGHV5-4-01_IGHJ1-03_45_1.aln.fasta
247,IGHV3-6*01_IGHJ2*01_42_1,3,m31,biopsy_YFP,IGHV3-6-01_IGHJ2-01_42_1,/home/hieunguyen/CRC1382/outdir/molmed_server/mixcr_pipeline_output/data_analysis/05_output/CDR3_0.15/m31/biopsy_YFP_MIDs/m31_biopsy_YFP_IGHV3-6-01_IGHJ2-01_42_1.aln.fasta
245,IGHV1-26*01_IGHJ1*01_48_1,3,m31,biopsy_YFP,IGHV1-26-01_IGHJ1-01_48_1,/home/hieunguyen/CRC1382/outdir/molmed_server/mixcr_pipeline_output/data_analysis/05_output/CDR3_0.15/m31/biopsy_YFP_MIDs/m31_biopsy_YFP_IGHV1-26-01_IGHJ1-01_48_1.aln.fasta
243,IGHV1-62_IGHJ3*01_36_1,3,m31,biopsy_YFP,IGHV1-62_IGHJ3-01_36_1,/home/hieunguyen/CRC1382/outdir/molmed_server/mixcr_pipeline_output/data_analysis/05_output/CDR3_0.15/m31/biopsy_YFP_MIDs/m31_biopsy_YFP_IGHV1-62_IGHJ3-01_36_1.aln.fasta
239,IGHV1-61*01_IGHJ4*01_51_1,3,m31,biopsy_YFP,IGHV1-61-01_IGHJ4-01_51_1,/home/hieunguyen/CRC1382/outdir/molmed_server/mixcr_pipeline_output/data_analysis/05_output/CDR3_0.15/m31/biopsy_YFP_MIDs/m31_biopsy_YFP_IGHV1-61-01_IGHJ4-01_51_1.aln.fasta
238,IGHV1-12*01_IGHJ4*01_45_1,3,m31,biopsy_YFP,IGHV1-12-01_IGHJ4-01_45_1,/home/hieunguyen/CRC1382/outdir/molmed_server/mixcr_pipeline_output/data_analysis/05_output/CDR3_0.15/m31/biopsy_YFP_MIDs/m31_biopsy_YFP_IGHV1-12-01_IGHJ4-01_45_1.aln.fasta
237,IGHV1-26*01_IGHJ3*01_45_2,3,m31,biopsy_YFP,IGHV1-26-01_IGHJ3-01_45_2,/home/hieunguyen/CRC1382/outdir/molmed_server/mixcr_pipeline_output/data_analysis/05_output/CDR3_0.15/m31/biopsy_YFP_MIDs/m31_biopsy_YFP_IGHV1-26-01_IGHJ3-01_45_2.aln.fasta
230,IGHV1-64*01_IGHJ3*01_48_1,3,m31,biopsy_YFP,IGHV1-64-01_IGHJ3-01_48_1,/home/hieunguyen/CRC1382/outdir/molmed_server/mixcr_pipeline_output/data_analysis/05_output/CDR3_0.15/m31/biopsy_YFP_MIDs/m31_biopsy_YFP_IGHV1-64-01_IGHJ3-01_48_1.aln.fasta
227,IGHV1-59*01_IGHJ3*01_30_1,3,m31,biopsy_YFP,IGHV1-59-01_IGHJ3-01_30_1,/home/hieunguyen/CRC1382/outdir/molmed_server/mixcr_pipeline_output/data_analysis/05_output/CDR3_0.15/m31/biopsy_YFP_MIDs/m31_biopsy_YFP_IGHV1-59-01_IGHJ3-01_30_1.aln.fasta
222,IGHV1-76*01_IGHJ2*01_42_1,3,m31,biopsy_YFP,IGHV1-76-01_IGHJ2-01_42_1,/home/hieunguyen/CRC1382/outdir/molmed_server/mixcr_pipeline_output/data_analysis/05_output/CDR3_0.15/m31/biopsy_YFP_MIDs/m31_biopsy_YFP_IGHV1-76-01_IGHJ2-01_42_1.aln.fasta
220,IGHV9-3*01_IGHJ2*01_39_2,3,m31,biopsy_YFP,IGHV9-3-01_IGHJ2-01_39_2,/home/hieunguyen/CRC1382/outdir/molmed_server/mixcr_pipeline_output/data_analysis/05_output/CDR3_0.15/m31/biopsy_YFP_MIDs/m31_biopsy_YFP_IGHV9-3-01_IGHJ2-01_39_2.aln.fasta
219,IGHV8-12*01_IGHJ2*01_36_1,3,m31,biopsy_YFP,IGHV8-12-01_IGHJ2-01_36_1,/home/hieunguyen/CRC1382/outdir/molmed_server/mixcr_pipeline_output/data_analysis/05_output/CDR3_0.15/m31/biopsy_YFP_MIDs/m31_biopsy_YFP_IGHV8-12-01_IGHJ2-01_36_1.aln.fasta
218,IGHV1-77*01_IGHJ4*01_51_1,3,m31,biopsy_YFP,IGHV1-77-01_IGHJ4-01_51_1,/home/hieunguyen/CRC1382/outdir/molmed_server/mixcr_pipeline_output/data_analysis/05_output/CDR3_0.15/m31/biopsy_YFP_MIDs/m31_biopsy_YFP_IGHV1-77-01_IGHJ4-01_51_1.aln.fasta
203,IGHV1-80*01_IGHJ1*03_39_1,3,m31,biopsy_YFP,IGHV1-80-01_IGHJ1-03_39_1,/home/hieunguyen/CRC1382/outdir/molmed_server/mixcr_pipeline_output/data_analysis/05_output/CDR3_0.15/m31/biopsy_YFP_MIDs/m31_biopsy_YFP_IGHV1-80-01_IGHJ1-03_39_1.aln.fasta
202,IGHV14-2*01_IGHJ4*01_45_1,3,m31,biopsy_YFP,IGHV14-2-01_IGHJ4-01_45_1,/home/hieunguyen/CRC1382/outdir/molmed_server/mixcr_pipeline_output/data_analysis/05_output/CDR3_0.15/m31/biopsy_YFP_MIDs/m31_biopsy_YFP_IGHV14-2-01_IGHJ4-01_45_1.aln.fasta
267,IGHV9-3*01_IGHJ2*01_30_1,3,m31,biopsy_YFP,IGHV9-3-01_IGHJ2-01_30_1,/home/hieunguyen/CRC1382/outdir/molmed_server/mixcr_pipeline_output/data_analysis/05_output/CDR3_0.15/m31/biopsy_YFP_MIDs/m31_biopsy_YFP_IGHV9-3-01_IGHJ2-01_30_1.aln.fasta
269,IGHV1-52*01_IGHJ2*01_42_1,3,m31,biopsy_YFP,IGHV1-52-01_IGHJ2-01_42_1,/home/hieunguyen/CRC1382/outdir/molmed_server/mixcr_pipeline_output/data_analysis/05_output/CDR3_0.15/m31/biopsy_YFP_MIDs/m31_biopsy_YFP_IGHV1-52-01_IGHJ2-01_42_1.aln.fasta
271,IGHV1-26*01_IGHJ1*03_36_1,3,m31,biopsy_YFP,IGHV1-26-01_IGHJ1-03_36_1,/home/hieunguyen/CRC1382/outdir/molmed_server/mixcr_pipeline_output/data_analysis/05_output/CDR3_0.15/m31/biopsy_YFP_MIDs/m31_biopsy_YFP_IGHV1-26-01_IGHJ1-03_36_1.aln.fasta
318,IGHV1-64*01_IGHJ1*03_45_1,3,m31,biopsy_YFP,IGHV1-64-01_IGHJ1-03_45_1,/home/hieunguyen/CRC1382/outdir/molmed_server/mixcr_pipeline_output/data_analysis/05_output/CDR3_0.15/m31/biopsy_YFP_MIDs/m31_biopsy_YFP_IGHV1-64-01_IGHJ1-03_45_1.aln.fasta
317,IGHV1-26*01_IGHJ4*01_36_1,3,m31,biopsy_YFP,IGHV1-26-01_IGHJ4-01_36_1,/home/hieunguyen/CRC1382/outdir/molmed_server/mixcr_pipeline_output/data_analysis/05_output/CDR3_0.15/m31/biopsy_YFP_MIDs/m31_biopsy_YFP_IGHV1-26-01_IGHJ4-01_36_1.aln.fasta
316,IGHV1-26*01_IGHJ1*03_53_1,3,m31,biopsy_YFP,IGHV1-26-01_IGHJ1-03_53_1,/home/hieunguyen/CRC1382/outdir/molmed_server/mixcr_pipeline_output/data_analysis/05_output/CDR3_0.15/m31/biopsy_YFP_MIDs/m31_biopsy_YFP_IGHV1-26-01_IGHJ1-03_53_1.aln.fasta
315,IGHV1-55*01_IGHJ3*01_45_1,3,m31,biopsy_YFP,IGHV1-55-01_IGHJ3-01_45_1,/home/hieunguyen/CRC1382/outdir/molmed_server/mixcr_pipeline_output/data_analysis/05_output/CDR3_0.15/m31/biopsy_YFP_MIDs/m31_biopsy_YFP_IGHV1-55-01_IGHJ3-01_45_1.aln.fasta
314,IGHV1-19*01_IGHJ2*01_35_1,3,m31,biopsy_YFP,IGHV1-19-01_IGHJ2-01_35_1,/home/hieunguyen/CRC1382/outdir/molmed_server/mixcr_pipeline_output/data_analysis/05_output/CDR3_0.15/m31/biopsy_YFP_MIDs/m31_biopsy_YFP_IGHV1-19-01_IGHJ2-01_35_1.aln.fasta
313,IGHV9-2*01_IGHJ1*03_43_1,3,m31,biopsy_YFP,IGHV9-2-01_IGHJ1-03_43_1,/home/hieunguyen/CRC1382/outdir/molmed_server/mixcr_pipeline_output/data_analysis/05_output/CDR3_0.15/m31/biopsy_YFP_MIDs/m31_biopsy_YFP_IGHV9-2-01_IGHJ1-03_43_1.aln.fasta
312,IGHV5-15*01_IGHJ1*03_18_1,3,m31,biopsy_YFP,IGHV5-15-01_IGHJ1-03_18_1,/home/hieunguyen/CRC1382/outdir/molmed_server/mixcr_pipeline_output/data_analysis/05_output/CDR3_0.15/m31/biopsy_YFP_MIDs/m31_biopsy_YFP_IGHV5-15-01_IGHJ1-03_18_1.aln.fasta
311,IGHV1-59*01_IGHJ3*01_18_1,3,m31,biopsy_YFP,IGHV1-59-01_IGHJ3-01_18_1,/home/hieunguyen/CRC1382/outdir/molmed_server/mixcr_pipeline_output/data_analysis/05_output/CDR3_0.15/m31/biopsy_YFP_MIDs/m31_biopsy_YFP_IGHV1-59-01_IGHJ3-01_18_1.aln.fasta
310,IGHV1-85*01_IGHJ2*01_40_1,3,m31,biopsy_YFP,IGHV1-85-01_IGHJ2-01_40_1,/home/hieunguyen/CRC1382/outdir/molmed_server/mixcr_pipeline_output/data_analysis/05_output/CDR3_0.15/m31/biopsy_YFP_MIDs/m31_biopsy_YFP_IGHV1-85-01_IGHJ2-01_40_1.aln.fasta
308,IGHV3-1*01_IGHJ3*01_18_1,3,m31,biopsy_YFP,IGHV3-1-01_IGHJ3-01_18_1,/home/hieunguyen/CRC1382/outdir/molmed_server/mixcr_pipeline_output/data_analysis/05_output/CDR3_0.15/m31/biopsy_YFP_MIDs/m31_biopsy_YFP_IGHV3-1-01_IGHJ3-01_18_1.aln.fasta
307,IGHV1-26*01_IGHJ2*01_36_1,3,m31,biopsy_YFP,IGHV1-26-01_IGHJ2-01_36_1,/home/hieunguyen/CRC1382/outdir/molmed_server/mixcr_pipeline_output/data_analysis/05_output/CDR3_0.15/m31/biopsy_YFP_MIDs/m31_biopsy_YFP_IGHV1-26-01_IGHJ2-01_36_1.aln.fasta
301,IGHV1-72*01_IGHJ3*02_27_1,3,m31,biopsy_YFP,IGHV1-72-01_IGHJ3-02_27_1,/home/hieunguyen/CRC1382/outdir/molmed_server/mixcr_pipeline_output/data_analysis/05_output/CDR3_0.15/m31/biopsy_YFP_MIDs/m31_biopsy_YFP_IGHV1-72-01_IGHJ3-02_27_1.aln.fasta
300,IGHV6-3*01_IGHJ3*01_33_2,3,m31,biopsy_YFP,IGHV6-3-01_IGHJ3-01_33_2,/home/hieunguyen/CRC1382/outdir/molmed_server/mixcr_pipeline_output/data_analysis/05_output/CDR3_0.15/m31/biopsy_YFP_MIDs/m31_biopsy_YFP_IGHV6-3-01_IGHJ3-01_33_2.aln.fasta
298,IGHV1-55*01_IGHJ2*01_45_1,3,m31,biopsy_YFP,IGHV1-55-01_IGHJ2-01_45_1,/home/hieunguyen/CRC1382/outdir/molmed_server/mixcr_pipeline_output/data_analysis/05_output/CDR3_0.15/m31/biopsy_YFP_MIDs/m31_biopsy_YFP_IGHV1-55-01_IGHJ2-01_45_1.aln.fasta
297,IGHV1-55*01_IGHJ2*01_33_1,3,m31,biopsy_YFP,IGHV1-55-01_IGHJ2-01_33_1,/home/hieunguyen/CRC1382/outdir/molmed_server/mixcr_pipeline_output/data_analysis/05_output/CDR3_0.15/m31/biopsy_YFP_MIDs/m31_biopsy_YFP_IGHV1-55-01_IGHJ2-01_33_1.aln.fasta
294,IGHV1-78*01_IGHJ2*01_51_1,3,m31,biopsy_YFP,IGHV1-78-01_IGHJ2-01_51_1,/home/hieunguyen/CRC1382/outdir/molmed_server/mixcr_pipeline_output/data_analysis/05_output/CDR3_0.15/m31/biopsy_YFP_MIDs/m31_biopsy_YFP_IGHV1-78-01_IGHJ2-01_51_1.aln.fasta
293,IGHV10-1*01_IGHJ2*01_27_1,3,m31,biopsy_YFP,IGHV10-1-01_IGHJ2-01_27_1,/home/hieunguyen/CRC1382/outdir/molmed_server/mixcr_pipeline_output/data_analysis/05_output/CDR3_0.15/m31/biopsy_YFP_MIDs/m31_biopsy_YFP_IGHV10-1-01_IGHJ2-01_27_1.aln.fasta
292,IGHV1-12*01_IGHJ1*03_48_1,3,m31,biopsy_YFP,IGHV1-12-01_IGHJ1-03_48_1,/home/hieunguyen/CRC1382/outdir/molmed_server/mixcr_pipeline_output/data_analysis/05_output/CDR3_0.15/m31/biopsy_YFP_MIDs/m31_biopsy_YFP_IGHV1-12-01_IGHJ1-03_48_1.aln.fasta
288,IGHV1-18*01_IGHJ4*01_27_1,3,m31,biopsy_YFP,IGHV1-18-01_IGHJ4-01_27_1,/home/hieunguyen/CRC1382/outdir/molmed_server/mixcr_pipeline_output/data_analysis/05_output/CDR3_0.15/m31/biopsy_YFP_MIDs/m31_biopsy_YFP_IGHV1-18-01_IGHJ4-01_27_1.aln.fasta
285,IGHV5-15*01_IGHJ1*03_54_1,3,m31,biopsy_YFP,IGHV5-15-01_IGHJ1-03_54_1,/home/hieunguyen/CRC1382/outdir/molmed_server/mixcr_pipeline_output/data_analysis/05_output/CDR3_0.15/m31/biopsy_YFP_MIDs/m31_biopsy_YFP_IGHV5-15-01_IGHJ1-03_54_1.aln.fasta
284,IGHV10-1*01_IGHJ3*01_45_1,3,m31,biopsy_YFP,IGHV10-1-01_IGHJ3-01_45_1,/home/hieunguyen/CRC1382/outdir/molmed_server/mixcr_pipeline_output/data_analysis/05_output/CDR3_0.15/m31/biopsy_YFP_MIDs/m31_biopsy_YFP_IGHV10-1-01_IGHJ3-01_45_1.aln.fasta
283,IGHV3-6*01_IGHJ2*01_54_1,3,m31,biopsy_YFP,IGHV3-6-01_IGHJ2-01_54_1,/home/hieunguyen/CRC1382/outdir/molmed_server/mixcr_pipeline_output/data_analysis/05_output/CDR3_0.15/m31/biopsy_YFP_MIDs/m31_biopsy_YFP_IGHV3-6-01_IGHJ2-01_54_1.aln.fasta
280,IGHV14-2*01_IGHJ4*01_33_1,3,m31,biopsy_YFP,IGHV14-2-01_IGHJ4-01_33_1,/home/hieunguyen/CRC1382/outdir/molmed_server/mixcr_pipeline_output/data_analysis/05_output/CDR3_0.15/m31/biopsy_YFP_MIDs/m31_biopsy_YFP_IGHV14-2-01_IGHJ4-01_33_1.aln.fasta
278,IGHV1-53*01_IGHJ1*03_48_2,3,m31,biopsy_YFP,IGHV1-53-01_IGHJ1-03_48_2,/home/hieunguyen/CRC1382/outdir/molmed_server/mixcr_pipeline_output/data_analysis/05_output/CDR3_0.15/m31/biopsy_YFP_MIDs/m31_biopsy_YFP_IGHV1-53-01_IGHJ1-03_48_2.aln.fasta
277,IGHV1-18*01_IGHJ2*01_42_1,3,m31,biopsy_YFP,IGHV1-18-01_IGHJ2-01_42_1,/home/hieunguyen/CRC1382/outdir/molmed_server/mixcr_pipeline_output/data_analysis/05_output/CDR3_0.15/m31/biopsy_YFP_MIDs/m31_biopsy_YFP_IGHV1-18-01_IGHJ2-01_42_1.aln.fasta
270,IGHV1-53*01_IGHJ1*03_39_1,3,m31,biopsy_YFP,IGHV1-53-01_IGHJ1-03_39_1,/home/hieunguyen/CRC1382/outdir/molmed_server/mixcr_pipeline_output/data_analysis/05_output/CDR3_0.15/m31/biopsy_YFP_MIDs/m31_biopsy_YFP_IGHV1-53-01_IGHJ1-03_39_1.aln.fasta
196,IGHV6-3*01_IGHJ2*01_30_2,3,m31,biopsy_YFP,IGHV6-3-01_IGHJ2-01_30_2,/home/hieunguyen/CRC1382/outdir/molmed_server/mixcr_pipeline_output/data_analysis/05_output/CDR3_0.15/m31/biopsy_YFP_MIDs/m31_biopsy_YFP_IGHV6-3-01_IGHJ2-01_30_2.aln.fasta
191,IGHV5-17*01_IGHJ2*01_36_1,3,m31,biopsy_YFP,IGHV5-17-01_IGHJ2-01_36_1,/home/hieunguyen/CRC1382/outdir/molmed_server/mixcr_pipeline_output/data_analysis/05_output/CDR3_0.15/m31/biopsy_YFP_MIDs/m31_biopsy_YFP_IGHV5-17-01_IGHJ2-01_36_1.aln.fasta
184,IGHV1-64*01_IGHJ1*03_63_1,3,m31,biopsy_YFP,IGHV1-64-01_IGHJ1-03_63_1,/home/hieunguyen/CRC1382/outdir/molmed_server/mixcr_pipeline_output/data_analysis/05_output/CDR3_0.15/m31/biopsy_YFP_MIDs/m31_biopsy_YFP_IGHV1-64-01_IGHJ1-03_63_1.aln.fasta
188,IGHV8-8*01_IGHJ4*01_42_1,3,m31,biopsy_YFP,IGHV8-8-01_IGHJ4-01_42_1,/home/hieunguyen/CRC1382/outdir/molmed_server/mixcr_pipeline_output/data_analysis/05_output/CDR3_0.15/m31/biopsy_YFP_MIDs/m31_biopsy_YFP_IGHV8-8-01_IGHJ4-01_42_1.aln.fasta
12,IGHV1-15*01_IGHJ2*01_36_2,3,m31,biopsy_YFP,IGHV1-15-01_IGHJ2-01_36_2,/home/hieunguyen/CRC1382/outdir/molmed_server/mixcr_pipeline_output/data_analysis/05_output/CDR3_0.15/m31/biopsy_YFP_MIDs/m31_biopsy_YFP_IGHV1-15-01_IGHJ2-01_36_2.aln.fasta
13,IGHV1-15*01_IGHJ2*01_36_3,3,m31,biopsy_YFP,IGHV1-15-01_IGHJ2-01_36_3,/home/hieunguyen/CRC1382/outdir/molmed_server/mixcr_pipeline_output/data_analysis/05_output/CDR3_0.15/m31/biopsy_YFP_MIDs/m31_biopsy_YFP_IGHV1-15-01_IGHJ2-01_36_3.aln.fasta
41,IGHV1-19*01_IGHJ3*01_36_3,3,m31,biopsy_YFP,IGHV1-19-01_IGHJ3-01_36_3,/home/hieunguyen/CRC1382/outdir/molmed_server/mixcr_pipeline_output/data_analysis/05_output/CDR3_0.15/m31/biopsy_YFP_MIDs/m31_biopsy_YFP_IGHV1-19-01_IGHJ3-01_36_3.aln.fasta
179,IGHV1-5*01_IGHJ3*01_42_1,3,m31,biopsy_YFP,IGHV1-5-01_IGHJ3-01_42_1,/home/hieunguyen/CRC1382/outdir/molmed_server/mixcr_pipeline_output/data_analysis/05_output/CDR3_0.15/m31/biopsy_YFP_MIDs/m31_biopsy_YFP_IGHV1-5-01_IGHJ3-01_42_1.aln.fasta
177,IGHV2-6*01_IGHJ3*01_30_1,3,m31,biopsy_YFP,IGHV2-6-01_IGHJ3-01_30_1,/home/hieunguyen/CRC1382/outdir/molmed_server/mixcr_pipeline_output/data_analysis/05_output/CDR3_0.15/m31/biopsy_YFP_MIDs/m31_biopsy_YFP_IGHV2-6-01_IGHJ3-01_30_1.aln.fasta
173,IGHV14-2*01_IGHJ3*01_24_1,3,m31,biopsy_YFP,IGHV14-2-01_IGHJ3-01_24_1,/home/hieunguyen/CRC1382/outdir/molmed_server/mixcr_pipeline_output/data_analysis/05_output/CDR3_0.15/m31/biopsy_YFP_MIDs/m31_biopsy_YFP_IGHV14-2-01_IGHJ3-01_24_1.aln.fasta
172,IGHV2-3*01_IGHJ3*01_45_2,3,m31,biopsy_YFP,IGHV2-3-01_IGHJ3-01_45_2,/home/hieunguyen/CRC1382/outdir/molmed_server/mixcr_pipeline_output/data_analysis/05_output/CDR3_0.15/m31/biopsy_YFP_MIDs/m31_biopsy_YFP_IGHV2-3-01_IGHJ3-01_45_2.aln.fasta
171,IGHV1-64*01_IGHJ2*01_39_1,3,m31,biopsy_YFP,IGHV1-64-01_IGHJ2-01_39_1,/home/hieunguyen/CRC1382/outdir/molmed_server/mixcr_pipeline_output/data_analysis/05_output/CDR3_0.15/m31/biopsy_YFP_MIDs/m31_biopsy_YFP_IGHV1-64-01_IGHJ2-01_39_1.aln.fasta
166,IGHV1-39*01_IGHJ3*01_42_1,3,m31,biopsy_YFP,IGHV1-39-01_IGHJ3-01_42_1,/home/hieunguyen/CRC1382/outdir/molmed_server/mixcr_pipeline_output/data_analysis/05_output/CDR3_0.15/m31/biopsy_YFP_MIDs/m31_biopsy_YFP_IGHV1-39-01_IGHJ3-01_42_1.aln.fasta
164,IGHV1-26*01_IGHJ2*01_42_4,3,m31,biopsy_YFP,IGHV1-26-01_IGHJ2-01_42_4,/home/hieunguyen/CRC1382/outdir/molmed_server/mixcr_pipeline_output/data_analysis/05_output/CDR3_0.15/m31/biopsy_YFP_MIDs/m31_biopsy_YFP_IGHV1-26-01_IGHJ2-01_42_4.aln.fasta
163,IGHV1-26*01_IGHJ2*01_42_2,3,m31,biopsy_YFP,IGHV1-26-01_IGHJ2-01_42_2,/home/hieunguyen/CRC1382/outdir/molmed_server/mixcr_pipeline_output/data_analysis/05_output/CDR3_0.15/m31/biopsy_YFP_MIDs/m31_biopsy_YFP_IGHV1-26-01_IGHJ2-01_42_2.aln.fasta
154,IGHV1-72*01_IGHJ2*01_24_1,3,m31,biopsy_YFP,IGHV1-72-01_IGHJ2-01_24_1,/home/hieunguyen/CRC1382/outdir/molmed_server/mixcr_pipeline_output/data_analysis/05_output/CDR3_0.15/m31/biopsy_YFP_MIDs/m31_biopsy_YFP_IGHV1-72-01_IGHJ2-01_24_1.aln.fasta
144,IGHV1-64*01_IGHJ3*01_42_1,3,m31,biopsy_YFP,IGHV1-64-01_IGHJ3-01_42_1,/home/hieunguyen/CRC1382/outdir/molmed_server/mixcr_pipeline_output/data_analysis/05_output/CDR3_0.15/m31/biopsy_YFP_MIDs/m31_biopsy_YFP_IGHV1-64-01_IGHJ3-01_42_1.aln.fasta
143,IGHV2-2*01_IGHJ4*01_54_1,3,m31,biopsy_YFP,IGHV2-2-01_IGHJ4-01_54_1,/home/hieunguyen/CRC1382/outdir/molmed_server/mixcr_pipeline_output/data_analysis/05_output/CDR3_0.15/m31/biopsy_YFP_MIDs/m31_biopsy_YFP_IGHV2-2-01_IGHJ4-01_54_1.aln.fasta
138,IGHV1-74*01_IGHJ3*01_39_1,3,m31,biopsy_YFP,IGHV1-74-01_IGHJ3-01_39_1,/home/hieunguyen/CRC1382/outdir/molmed_server/mixcr_pipeline_output/data_analysis/05_output/CDR3_0.15/m31/biopsy_YFP_MIDs/m31_biopsy_YFP_IGHV1-74-01_IGHJ3-01_39_1.aln.fasta
136,IGHV1-22*01_IGHJ3*01_45_1,3,m31,biopsy_YFP,IGHV1-22-01_IGHJ3-01_45_1,/home/hieunguyen/CRC1382/outdir/molmed_server/mixcr_pipeline_output/data_analysis/05_output/CDR3_0.15/m31/biopsy_YFP_MIDs/m31_biopsy_YFP_IGHV1-22-01_IGHJ3-01_45_1.aln.fasta
133,IGHV1-58*01_IGHJ1*03_48_1,3,m31,biopsy_YFP,IGHV1-58-01_IGHJ1-03_48_1,/home/hieunguyen/CRC1382/outdir/molmed_server/mixcr_pipeline_output/data_analysis/05_output/CDR3_0.15/m31/biopsy_YFP_MIDs/m31_biopsy_YFP_IGHV1-58-01_IGHJ1-03_48_1.aln.fasta
130,IGHV1-64*01_IGHJ4*01_42_2,3,m31,biopsy_YFP,IGHV1-64-01_IGHJ4-01_42_2,/home/hieunguyen/CRC1382/outdir/molmed_server/mixcr_pipeline_output/data_analysis/05_output/CDR3_0.15/m31/biopsy_YFP_MIDs/m31_biopsy_YFP_IGHV1-64-01_IGHJ4-01_42_2.aln.fasta
127,IGHV1-82*01_IGHJ2*01_39_1,3,m31,biopsy_YFP,IGHV1-82-01_IGHJ2-01_39_1,/home/hieunguyen/CRC1382/outdir/molmed_server/mixcr_pipeline_output/data_analysis/05_output/CDR3_0.15/m31/biopsy_YFP_MIDs/m31_biopsy_YFP_IGHV1-82-01_IGHJ2-01_39_1.aln.fasta
126,IGHV2-2*01_IGHJ3*01_42_2,3,m31,biopsy_YFP,IGHV2-2-01_IGHJ3-01_42_2,/home/hieunguyen/CRC1382/outdir/molmed_server/mixcr_pipeline_output/data_analysis/05_output/CDR3_0.15/m31/biopsy_YFP_MIDs/m31_biopsy_YFP_IGHV2-2-01_IGHJ3-01_42_2.aln.fasta
124,IGHV1-59*01_IGHJ1*03_57_1,3,m31,biopsy_YFP,IGHV1-59-01_IGHJ1-03_57_1,/home/hieunguyen/CRC1382/outdir/molmed_server/mixcr_pipeline_output/data_analysis/05_output/CDR3_0.15/m31/biopsy_YFP_MIDs/m31_biopsy_YFP_IGHV1-59-01_IGHJ1-03_57_1.aln.fasta
123,IGHV1-82*01_IGHJ2*01_45_1,3,m31,biopsy_YFP,IGHV1-82-01_IGHJ2-01_45_1,/home/hieunguyen/CRC1382/outdir/molmed_server/mixcr_pipeline_output/data_analysis/05_output/CDR3_0.15/m31/biopsy_YFP_MIDs/m31_biopsy_YFP_IGHV1-82-01_IGHJ2-01_45_1.aln.fasta
114,IGHV2-3*01_IGHJ2*01_27_2,3,m31,biopsy_YFP,IGHV2-3-01_IGHJ2-01_27_2,/home/hieunguyen/CRC1382/outdir/molmed_server/mixcr_pipeline_output/data_analysis/05_output/CDR3_0.15/m31/biopsy_YFP_MIDs/m31_biopsy_YFP_IGHV2-3-01_IGHJ2-01_27_2.aln.fasta
112,IGHV14-3*01_IGHJ4*01_51_2,3,m31,biopsy_YFP,IGHV14-3-01_IGHJ4-01_51_2,/home/hieunguyen/CRC1382/outdir/molmed_server/mixcr_pipeline_output/data_analysis/05_output/CDR3_0.15/m31/biopsy_YFP_MIDs/m31_biopsy_YFP_IGHV14-3-01_IGHJ4-01_51_2.aln.fasta
105,IGHV1-18*01_IGHJ4*01_54_1,3,m31,biopsy_YFP,IGHV1-18-01_IGHJ4-01_54_1,/home/hieunguyen/CRC1382/outdir/molmed_server/mixcr_pipeline_output/data_analysis/05_output/CDR3_0.15/m31/biopsy_YFP_MIDs/m31_biopsy_YFP_IGHV1-18-01_IGHJ4-01_54_1.aln.fasta
101,IGHV1-26*01_IGHJ2*01_33_3,3,m31,biopsy_YFP,IGHV1-26-01_IGHJ2-01_33_3,/home/hieunguyen/CRC1382/outdir/molmed_server/mixcr_pipeline_output/data_analysis/05_output/CDR3_0.15/m31/biopsy_YFP_MIDs/m31_biopsy_YFP_IGHV1-26-01_IGHJ2-01_33_3.aln.fasta
74,IGHV1-9*01_IGHJ3*01_33_1,3,m31,biopsy_YFP,IGHV1-9-01_IGHJ3-01_33_1,/home/hieunguyen/CRC1382/outdir/molmed_server/mixcr_pipeline_output/data_analysis/05_output/CDR3_0.15/m31/biopsy_YFP_MIDs/m31_biopsy_YFP_IGHV1-9-01_IGHJ3-01_33_1.aln.fasta
43,IGHV1-64*01_IGHJ2*01_42_2,3,m31,biopsy_YFP,IGHV1-64-01_IGHJ2-01_42_2,/home/hieunguyen/CRC1382/outdir/molmed_server/mixcr_pipeline_output/data_analysis/05_output/CDR3_0.15/m31/biopsy_YFP_MIDs/m31_biopsy_YFP_IGHV1-64-01_IGHJ2-01_42_2.aln.fasta
33,IGHV1-26*01_IGHJ4*01_42_3,3,m31,biopsy_YFP,IGHV1-26-01_IGHJ4-01_42_3,/home/hieunguyen/CRC1382/outdir/molmed_server/mixcr_pipeline_output/data_analysis/05_output/CDR3_0.15/m31/biopsy_YFP_MIDs/m31_biopsy_YFP_IGHV1-26-01_IGHJ4-01_42_3.aln.fasta
199,IGHV1-58*01_IGHJ2*01_42_2,4,m31,biopsy_YFP,IGHV1-58-01_IGHJ2-01_42_2,/home/hieunguyen/CRC1382/outdir/molmed_server/mixcr_pipeline_output/data_analysis/05_output/CDR3_0.15/m31/biopsy_YFP_MIDs/m31_biopsy_YFP_IGHV1-58-01_IGHJ2-01_42_2.aln.fasta
195,IGHV6-3*01_IGHJ2*01_36_1,4,m31,biopsy_YFP,IGHV6-3-01_IGHJ2-01_36_1,/home/hieunguyen/CRC1382/outdir/molmed_server/mixcr_pipeline_output/data_analysis/05_output/CDR3_0.15/m31/biopsy_YFP_MIDs/m31_biopsy_YFP_IGHV6-3-01_IGHJ2-01_36_1.aln.fasta
194,IGHV1-22*01_IGHJ2*01_30_2,4,m31,biopsy_YFP,IGHV1-22-01_IGHJ2-01_30_2,/home/hieunguyen/CRC1382/outdir/molmed_server/mixcr_pipeline_output/data_analysis/05_output/CDR3_0.15/m31/biopsy_YFP_MIDs/m31_biopsy_YFP_IGHV1-22-01_IGHJ2-01_30_2.aln.fasta
189,IGHV1-52*01_IGHJ1*03_39_1,4,m31,biopsy_YFP,IGHV1-52-01_IGHJ1-03_39_1,/home/hieunguyen/CRC1382/outdir/molmed_server/mixcr_pipeline_output/data_analysis/05_output/CDR3_0.15/m31/biopsy_YFP_MIDs/m31_biopsy_YFP_IGHV1-52-01_IGHJ1-03_39_1.aln.fasta
187,IGHV1-62_IGHJ3*01_33_1,4,m31,biopsy_YFP,IGHV1-62_IGHJ3-01_33_1,/home/hieunguyen/CRC1382/outdir/molmed_server/mixcr_pipeline_output/data_analysis/05_output/CDR3_0.15/m31/biopsy_YFP_MIDs/m31_biopsy_YFP_IGHV1-62_IGHJ3-01_33_1.aln.fasta
186,IGHV1-53*01_IGHJ3*01_42_1,4,m31,biopsy_YFP,IGHV1-53-01_IGHJ3-01_42_1,/home/hieunguyen/CRC1382/outdir/molmed_server/mixcr_pipeline_output/data_analysis/05_output/CDR3_0.15/m31/biopsy_YFP_MIDs/m31_biopsy_YFP_IGHV1-53-01_IGHJ3-01_42_1.aln.fasta
244,IGHV3-6*01_IGHJ1*03_36_2,4,m31,biopsy_YFP,IGHV3-6-01_IGHJ1-03_36_2,/home/hieunguyen/CRC1382/outdir/molmed_server/mixcr_pipeline_output/data_analysis/05_output/CDR3_0.15/m31/biopsy_YFP_MIDs/m31_biopsy_YFP_IGHV3-6-01_IGHJ1-03_36_2.aln.fasta
231,IGHV1-76*01_IGHJ1*03_54_1,4,m31,biopsy_YFP,IGHV1-76-01_IGHJ1-03_54_1,/home/hieunguyen/CRC1382/outdir/molmed_server/mixcr_pipeline_output/data_analysis/05_output/CDR3_0.15/m31/biopsy_YFP_MIDs/m31_biopsy_YFP_IGHV1-76-01_IGHJ1-03_54_1.aln.fasta
228,IGHV1-81*01_IGHJ4*01_51_1,4,m31,biopsy_YFP,IGHV1-81-01_IGHJ4-01_51_1,/home/hieunguyen/CRC1382/outdir/molmed_server/mixcr_pipeline_output/data_analysis/05_output/CDR3_0.15/m31/biopsy_YFP_MIDs/m31_biopsy_YFP_IGHV1-81-01_IGHJ4-01_51_1.aln.fasta
226,IGHV1-76*01_IGHJ1*03_51_2,4,m31,biopsy_YFP,IGHV1-76-01_IGHJ1-03_51_2,/home/hieunguyen/CRC1382/outdir/molmed_server/mixcr_pipeline_output/data_analysis/05_output/CDR3_0.15/m31/biopsy_YFP_MIDs/m31_biopsy_YFP_IGHV1-76-01_IGHJ1-03_51_2.aln.fasta
214,IGHV1-19*01_IGHJ4*01_51_1,4,m31,biopsy_YFP,IGHV1-19-01_IGHJ4-01_51_1,/home/hieunguyen/CRC1382/outdir/molmed_server/mixcr_pipeline_output/data_analysis/05_output/CDR3_0.15/m31/biopsy_YFP_MIDs/m31_biopsy_YFP_IGHV1-19-01_IGHJ4-01_51_1.aln.fasta
116,IGHV1-75*01_IGHJ4*01_39_1,4,m31,biopsy_YFP,IGHV1-75-01_IGHJ4-01_39_1,/home/hieunguyen/CRC1382/outdir/molmed_server/mixcr_pipeline_output/data_analysis/05_output/CDR3_0.15/m31/biopsy_YFP_MIDs/m31_biopsy_YFP_IGHV1-75-01_IGHJ4-01_39_1.aln.fasta
16,IGHV8-12*01_IGHJ1*01_60_1,4,m31,biopsy_YFP,IGHV8-12-01_IGHJ1-01_60_1,/home/hieunguyen/CRC1382/outdir/molmed_server/mixcr_pipeline_output/data_analysis/05_output/CDR3_0.15/m31/biopsy_YFP_MIDs/m31_biopsy_YFP_IGHV8-12-01_IGHJ1-01_60_1.aln.fasta
103,IGHV1-63*01_IGHJ4*01_54_1,4,m31,biopsy_YFP,IGHV1-63-01_IGHJ4-01_54_1,/home/hieunguyen/CRC1382/outdir/molmed_server/mixcr_pipeline_output/data_analysis/05_output/CDR3_0.15/m31/biopsy_YFP_MIDs/m31_biopsy_YFP_IGHV1-63-01_IGHJ4-01_54_1.aln.fasta
97,IGHV1-9*01_IGHJ2*01_36_1,4,m31,biopsy_YFP,IGHV1-9-01_IGHJ2-01_36_1,/home/hieunguyen/CRC1382/outdir/molmed_server/mixcr_pipeline_output/data_analysis/05_output/CDR3_0.15/m31/biopsy_YFP_MIDs/m31_biopsy_YFP_IGHV1-9-01_IGHJ2-01_36_1.aln.fasta
52,IGHV13-2*01_IGHJ2*01_45_2,4,m31,biopsy_YFP,IGHV13-2-01_IGHJ2-01_45_2,/home/hieunguyen/CRC1382/outdir/molmed_server/mixcr_pipeline_output/data_analysis/05_output/CDR3_0.15/m31/biopsy_YFP_MIDs/m31_biopsy_YFP_IGHV13-2-01_IGHJ2-01_45_2.aln.fasta
90,IGHV1-72*01_IGHJ4*01_45_2,4,m31,biopsy_YFP,IGHV1-72-01_IGHJ4-01_45_2,/home/hieunguyen/CRC1382/outdir/molmed_server/mixcr_pipeline_output/data_analysis/05_output/CDR3_0.15/m31/biopsy_YFP_MIDs/m31_biopsy_YFP_IGHV1-72-01_IGHJ4-01_45_2.aln.fasta
63,IGHV1-53*01_IGHJ1*03_42_2,4,m31,biopsy_YFP,IGHV1-53-01_IGHJ1-03_42_2,/home/hieunguyen/CRC1382/outdir/molmed_server/mixcr_pipeline_output/data_analysis/05_output/CDR3_0.15/m31/biopsy_YFP_MIDs/m31_biopsy_YFP_IGHV1-53-01_IGHJ1-03_42_2.aln.fasta
67,IGHV1-59*01_IGHJ3*01_36_4,4,m31,biopsy_YFP,IGHV1-59-01_IGHJ3-01_36_4,/home/hieunguyen/CRC1382/outdir/molmed_server/mixcr_pipeline_output/data_analysis/05_output/CDR3_0.15/m31/biopsy_YFP_MIDs/m31_biopsy_YFP_IGHV1-59-01_IGHJ3-01_36_4.aln.fasta
68,IGHV1-59*01_IGHJ3*01_36_5,4,m31,biopsy_YFP,IGHV1-59-01_IGHJ3-01_36_5,/home/hieunguyen/CRC1382/outdir/molmed_server/mixcr_pipeline_output/data_analysis/05_output/CDR3_0.15/m31/biopsy_YFP_MIDs/m31_biopsy_YFP_IGHV1-59-01_IGHJ3-01_36_5.aln.fasta
129,IGHV1-64*01_IGHJ4*01_42_1,4,m31,biopsy_YFP,IGHV1-64-01_IGHJ4-01_42_1,/home/hieunguyen/CRC1382/outdir/molmed_server/mixcr_pipeline_output/data_analysis/05_output/CDR3_0.15/m31/biopsy_YFP_MIDs/m31_biopsy_YFP_IGHV1-64-01_IGHJ4-01_42_1.aln.fasta
176,IGHV1-54*01_IGHJ2*01_42_1,4,m31,biopsy_YFP,IGHV1-54-01_IGHJ2-01_42_1,/home/hieunguyen/CRC1382/outdir/molmed_server/mixcr_pipeline_output/data_analysis/05_output/CDR3_0.15/m31/biopsy_YFP_MIDs/m31_biopsy_YFP_IGHV1-54-01_IGHJ2-01_42_1.aln.fasta
175,IGHV1-19*01_IGHJ2*01_39_1,4,m31,biopsy_YFP,IGHV1-19-01_IGHJ2-01_39_1,/home/hieunguyen/CRC1382/outdir/molmed_server/mixcr_pipeline_output/data_analysis/05_output/CDR3_0.15/m31/biopsy_YFP_MIDs/m31_biopsy_YFP_IGHV1-19-01_IGHJ2-01_39_1.aln.fasta
170,IGHV1-55*01_IGHJ3*01_51_1,4,m31,biopsy_YFP,IGHV1-55-01_IGHJ3-01_51_1,/home/hieunguyen/CRC1382/outdir/molmed_server/mixcr_pipeline_output/data_analysis/05_output/CDR3_0.15/m31/biopsy_YFP_MIDs/m31_biopsy_YFP_IGHV1-55-01_IGHJ3-01_51_1.aln.fasta
162,IGHV1-26*01_IGHJ2*01_42_1,4,m31,biopsy_YFP,IGHV1-26-01_IGHJ2-01_42_1,/home/hieunguyen/CRC1382/outdir/molmed_server/mixcr_pipeline_output/data_analysis/05_output/CDR3_0.15/m31/biopsy_YFP_MIDs/m31_biopsy_YFP_IGHV1-26-01_IGHJ2-01_42_1.aln.fasta
158,IGHV5-17*01_IGHJ4*01_36_1,4,m31,biopsy_YFP,IGHV5-17-01_IGHJ4-01_36_1,/home/hieunguyen/CRC1382/outdir/molmed_server/mixcr_pipeline_output/data_analysis/05_output/CDR3_0.15/m31/biopsy_YFP_MIDs/m31_biopsy_YFP_IGHV5-17-01_IGHJ4-01_36_1.aln.fasta
155,IGHV1-42*01_IGHJ3*01_36_2,4,m31,biopsy_YFP,IGHV1-42-01_IGHJ3-01_36_2,/home/hieunguyen/CRC1382/outdir/molmed_server/mixcr_pipeline_output/data_analysis/05_output/CDR3_0.15/m31/biopsy_YFP_MIDs/m31_biopsy_YFP_IGHV1-42-01_IGHJ3-01_36_2.aln.fasta
134,IGHV14-3*01_IGHJ1*03_51_1,4,m31,biopsy_YFP,IGHV14-3-01_IGHJ1-03_51_1,/home/hieunguyen/CRC1382/outdir/molmed_server/mixcr_pipeline_output/data_analysis/05_output/CDR3_0.15/m31/biopsy_YFP_MIDs/m31_biopsy_YFP_IGHV14-3-01_IGHJ1-03_51_1.aln.fasta
128,IGHV1-82*01_IGHJ2*01_39_2,4,m31,biopsy_YFP,IGHV1-82-01_IGHJ2-01_39_2,/home/hieunguyen/CRC1382/outdir/molmed_server/mixcr_pipeline_output/data_analysis/05_output/CDR3_0.15/m31/biopsy_YFP_MIDs/m31_biopsy_YFP_IGHV1-82-01_IGHJ2-01_39_2.aln.fasta
254,IGHV1-63*01_IGHJ1*03_48_1,4,m31,biopsy_YFP,IGHV1-63-01_IGHJ1-03_48_1,/home/hieunguyen/CRC1382/outdir/molmed_server/mixcr_pipeline_output/data_analysis/05_output/CDR3_0.15/m31/biopsy_YFP_MIDs/m31_biopsy_YFP_IGHV1-63-01_IGHJ1-03_48_1.aln.fasta
276,IGHV1-69*01_IGHJ3*01_36_1,4,m31,biopsy_YFP,IGHV1-69-01_IGHJ3-01_36_1,/home/hieunguyen/CRC1382/outdir/molmed_server/mixcr_pipeline_output/data_analysis/05_output/CDR3_0.15/m31/biopsy_YFP_MIDs/m31_biopsy_YFP_IGHV1-69-01_IGHJ3-01_36_1.aln.fasta
275,IGHV1-43*01_IGHJ3*01_39_1,4,m31,biopsy_YFP,IGHV1-43-01_IGHJ3-01_39_1,/home/hieunguyen/CRC1382/outdir/molmed_server/mixcr_pipeline_output/data_analysis/05_output/CDR3_0.15/m31/biopsy_YFP_MIDs/m31_biopsy_YFP_IGHV1-43-01_IGHJ3-01_39_1.aln.fasta
273,IGHV1-67*01_IGHJ2*01_46_2,4,m31,biopsy_YFP,IGHV1-67-01_IGHJ2-01_46_2,/home/hieunguyen/CRC1382/outdir/molmed_server/mixcr_pipeline_output/data_analysis/05_output/CDR3_0.15/m31/biopsy_YFP_MIDs/m31_biopsy_YFP_IGHV1-67-01_IGHJ2-01_46_2.aln.fasta
268,IGHV5-12*01_IGHJ4*01_57_1,4,m31,biopsy_YFP,IGHV5-12-01_IGHJ4-01_57_1,/home/hieunguyen/CRC1382/outdir/molmed_server/mixcr_pipeline_output/data_analysis/05_output/CDR3_0.15/m31/biopsy_YFP_MIDs/m31_biopsy_YFP_IGHV5-12-01_IGHJ4-01_57_1.aln.fasta
258,IGHV1-50*01_IGHJ2*01_42_1,4,m31,biopsy_YFP,IGHV1-50-01_IGHJ2-01_42_1,/home/hieunguyen/CRC1382/outdir/molmed_server/mixcr_pipeline_output/data_analysis/05_output/CDR3_0.15/m31/biopsy_YFP_MIDs/m31_biopsy_YFP_IGHV1-50-01_IGHJ2-01_42_1.aln.fasta
306,IGHV1-64*01_IGHJ2*01_21_1,4,m31,biopsy_YFP,IGHV1-64-01_IGHJ2-01_21_1,/home/hieunguyen/CRC1382/outdir/molmed_server/mixcr_pipeline_output/data_analysis/05_output/CDR3_0.15/m31/biopsy_YFP_MIDs/m31_biopsy_YFP_IGHV1-64-01_IGHJ2-01_21_1.aln.fasta
296,IGHV3-6*01_IGHJ4*01_51_1,4,m31,biopsy_YFP,IGHV3-6-01_IGHJ4-01_51_1,/home/hieunguyen/CRC1382/outdir/molmed_server/mixcr_pipeline_output/data_analysis/05_output/CDR3_0.15/m31/biopsy_YFP_MIDs/m31_biopsy_YFP_IGHV3-6-01_IGHJ4-01_51_1.aln.fasta
295,IGHV1-55*01_IGHJ1*03_39_1,4,m31,biopsy_YFP,IGHV1-55-01_IGHJ1-03_39_1,/home/hieunguyen/CRC1382/outdir/molmed_server/mixcr_pipeline_output/data_analysis/05_output/CDR3_0.15/m31/biopsy_YFP_MIDs/m31_biopsy_YFP_IGHV1-55-01_IGHJ1-03_39_1.aln.fasta
291,IGHV1-59*01_IGHJ1*03_45_1,4,m31,biopsy_YFP,IGHV1-59-01_IGHJ1-03_45_1,/home/hieunguyen/CRC1382/outdir/molmed_server/mixcr_pipeline_output/data_analysis/05_output/CDR3_0.15/m31/biopsy_YFP_MIDs/m31_biopsy_YFP_IGHV1-59-01_IGHJ1-03_45_1.aln.fasta
287,IGHV5-16*01_IGHJ1*03_42_2,4,m31,biopsy_YFP,IGHV5-16-01_IGHJ1-03_42_2,/home/hieunguyen/CRC1382/outdir/molmed_server/mixcr_pipeline_output/data_analysis/05_output/CDR3_0.15/m31/biopsy_YFP_MIDs/m31_biopsy_YFP_IGHV5-16-01_IGHJ1-03_42_2.aln.fasta
54,IGHV1-53*01_IGHJ2*01_33_2,5,m31,biopsy_YFP,IGHV1-53-01_IGHJ2-01_33_2,/home/hieunguyen/CRC1382/outdir/molmed_server/mixcr_pipeline_output/data_analysis/05_output/CDR3_0.15/m31/biopsy_YFP_MIDs/m31_biopsy_YFP_IGHV1-53-01_IGHJ2-01_33_2.aln.fasta
19,IGHV3-6*01_IGHJ2*01_45_2,5,m31,biopsy_YFP,IGHV3-6-01_IGHJ2-01_45_2,/home/hieunguyen/CRC1382/outdir/molmed_server/mixcr_pipeline_output/data_analysis/05_output/CDR3_0.15/m31/biopsy_YFP_MIDs/m31_biopsy_YFP_IGHV3-6-01_IGHJ2-01_45_2.aln.fasta
200,IGHV1-53*01_IGHJ3*01_33_1,5,m31,biopsy_YFP,IGHV1-53-01_IGHJ3-01_33_1,/home/hieunguyen/CRC1382/outdir/molmed_server/mixcr_pipeline_output/data_analysis/05_output/CDR3_0.15/m31/biopsy_YFP_MIDs/m31_biopsy_YFP_IGHV1-53-01_IGHJ3-01_33_1.aln.fasta
198,IGHV2-2*01_IGHJ1*03_54_1,5,m31,biopsy_YFP,IGHV2-2-01_IGHJ1-03_54_1,/home/hieunguyen/CRC1382/outdir/molmed_server/mixcr_pipeline_output/data_analysis/05_output/CDR3_0.15/m31/biopsy_YFP_MIDs/m31_biopsy_YFP_IGHV2-2-01_IGHJ1-03_54_1.aln.fasta
303,IGHV1-15*01_IGHJ2*01_18_1,5,m31,biopsy_YFP,IGHV1-15-01_IGHJ2-01_18_1,/home/hieunguyen/CRC1382/outdir/molmed_server/mixcr_pipeline_output/data_analysis/05_output/CDR3_0.15/m31/biopsy_YFP_MIDs/m31_biopsy_YFP_IGHV1-15-01_IGHJ2-01_18_1.aln.fasta
207,IGHV1-78*01_IGHJ3*01_27_1,5,m31,biopsy_YFP,IGHV1-78-01_IGHJ3-01_27_1,/home/hieunguyen/CRC1382/outdir/molmed_server/mixcr_pipeline_output/data_analysis/05_output/CDR3_0.15/m31/biopsy_YFP_MIDs/m31_biopsy_YFP_IGHV1-78-01_IGHJ3-01_27_1.aln.fasta
204,IGHV1-81*01_IGHJ4*01_48_1,5,m31,biopsy_YFP,IGHV1-81-01_IGHJ4-01_48_1,/home/hieunguyen/CRC1382/outdir/molmed_server/mixcr_pipeline_output/data_analysis/05_output/CDR3_0.15/m31/biopsy_YFP_MIDs/m31_biopsy_YFP_IGHV1-81-01_IGHJ4-01_48_1.aln.fasta
161,IGHV5-16*01_IGHJ2*01_48_1,5,m31,biopsy_YFP,IGHV5-16-01_IGHJ2-01_48_1,/home/hieunguyen/CRC1382/outdir/molmed_server/mixcr_pipeline_output/data_analysis/05_output/CDR3_0.15/m31/biopsy_YFP_MIDs/m31_biopsy_YFP_IGHV5-16-01_IGHJ2-01_48_1.aln.fasta
190,IGHV1-53*01_IGHJ1*03_45_1,5,m31,biopsy_YFP,IGHV1-53-01_IGHJ1-03_45_1,/home/hieunguyen/CRC1382/outdir/molmed_server/mixcr_pipeline_output/data_analysis/05_output/CDR3_0.15/m31/biopsy_YFP_MIDs/m31_biopsy_YFP_IGHV1-53-01_IGHJ1-03_45_1.aln.fasta
249,IGHV6-6*01_IGHJ3*01_33_1,5,m31,biopsy_YFP,IGHV6-6-01_IGHJ3-01_33_1,/home/hieunguyen/CRC1382/outdir/molmed_server/mixcr_pipeline_output/data_analysis/05_output/CDR3_0.15/m31/biopsy_YFP_MIDs/m31_biopsy_YFP_IGHV6-6-01_IGHJ3-01_33_1.aln.fasta
272,IGHV1-67*01_IGHJ2*01_46_1,5,m31,biopsy_YFP,IGHV1-67-01_IGHJ2-01_46_1,/home/hieunguyen/CRC1382/outdir/molmed_server/mixcr_pipeline_output/data_analysis/05_output/CDR3_0.15/m31/biopsy_YFP_MIDs/m31_biopsy_YFP_IGHV1-67-01_IGHJ2-01_46_1.aln.fasta
256,IGHV1-62_IGHJ3*01_42_1,5,m31,biopsy_YFP,IGHV1-62_IGHJ3-01_42_1,/home/hieunguyen/CRC1382/outdir/molmed_server/mixcr_pipeline_output/data_analysis/05_output/CDR3_0.15/m31/biopsy_YFP_MIDs/m31_biopsy_YFP_IGHV1-62_IGHJ3-01_42_1.aln.fasta
225,IGHV1-52*01_IGHJ3*01_42_1,5,m31,biopsy_YFP,IGHV1-52-01_IGHJ3-01_42_1,/home/hieunguyen/CRC1382/outdir/molmed_server/mixcr_pipeline_output/data_analysis/05_output/CDR3_0.15/m31/biopsy_YFP_MIDs/m31_biopsy_YFP_IGHV1-52-01_IGHJ3-01_42_1.aln.fasta
216,IGHV1-69*02_IGHJ3*01_27_1,5,m31,biopsy_YFP,IGHV1-69-02_IGHJ3-01_27_1,/home/hieunguyen/CRC1382/outdir/molmed_server/mixcr_pipeline_output/data_analysis/05_output/CDR3_0.15/m31/biopsy_YFP_MIDs/m31_biopsy_YFP_IGHV1-69-02_IGHJ3-01_27_1.aln.fasta
211,IGHV1-26*01_IGHJ3*01_57_1,5,m31,biopsy_YFP,IGHV1-26-01_IGHJ3-01_57_1,/home/hieunguyen/CRC1382/outdir/molmed_server/mixcr_pipeline_output/data_analysis/05_output/CDR3_0.15/m31/biopsy_YFP_MIDs/m31_biopsy_YFP_IGHV1-26-01_IGHJ3-01_57_1.aln.fasta
213,IGHV4-1*01_IGHJ4*01_39_1,5,m31,biopsy_YFP,IGHV4-1-01_IGHJ4-01_39_1,/home/hieunguyen/CRC1382/outdir/molmed_server/mixcr_pipeline_output/data_analysis/05_output/CDR3_0.15/m31/biopsy_YFP_MIDs/m31_biopsy_YFP_IGHV4-1-01_IGHJ4-01_39_1.aln.fasta
240,IGHV14-2*01_IGHJ4*01_57_1,5,m31,biopsy_YFP,IGHV14-2-01_IGHJ4-01_57_1,/home/hieunguyen/CRC1382/outdir/molmed_server/mixcr_pipeline_output/data_analysis/05_output/CDR3_0.15/m31/biopsy_YFP_MIDs/m31_biopsy_YFP_IGHV14-2-01_IGHJ4-01_57_1.aln.fasta
119,IGHV8-12*01_IGHJ4*01_39_1,5,m31,biopsy_YFP,IGHV8-12-01_IGHJ4-01_39_1,/home/hieunguyen/CRC1382/outdir/molmed_server/mixcr_pipeline_output/data_analysis/05_output/CDR3_0.15/m31/biopsy_YFP_MIDs/m31_biopsy_YFP_IGHV8-12-01_IGHJ4-01_39_1.aln.fasta
87,IGHV14-3*01_IGHJ2*01_33_1,5,m31,biopsy_YFP,IGHV14-3-01_IGHJ2-01_33_1,/home/hieunguyen/CRC1382/outdir/molmed_server/mixcr_pipeline_output/data_analysis/05_output/CDR3_0.15/m31/biopsy_YFP_MIDs/m31_biopsy_YFP_IGHV14-3-01_IGHJ2-01_33_1.aln.fasta
96,IGHV1-59*01_IGHJ2*01_45_1,5,m31,biopsy_YFP,IGHV1-59-01_IGHJ2-01_45_1,/home/hieunguyen/CRC1382/outdir/molmed_server/mixcr_pipeline_output/data_analysis/05_output/CDR3_0.15/m31/biopsy_YFP_MIDs/m31_biopsy_YFP_IGHV1-59-01_IGHJ2-01_45_1.aln.fasta
108,IGHV1-52*01_IGHJ3*01_39_2,5,m31,biopsy_YFP,IGHV1-52-01_IGHJ3-01_39_2,/home/hieunguyen/CRC1382/outdir/molmed_server/mixcr_pipeline_output/data_analysis/05_output/CDR3_0.15/m31/biopsy_YFP_MIDs/m31_biopsy_YFP_IGHV1-52-01_IGHJ3-01_39_2.aln.fasta
132,IGHV2-2*01_IGHJ3*01_45_1,5,m31,biopsy_YFP,IGHV2-2-01_IGHJ3-01_45_1,/home/hieunguyen/CRC1382/outdir/molmed_server/mixcr_pipeline_output/data_analysis/05_output/CDR3_0.15/m31/biopsy_YFP_MIDs/m31_biopsy_YFP_IGHV2-2-01_IGHJ3-01_45_1.aln.fasta
131,IGHV1-7*01_IGHJ1*03_45_1,5,m31,biopsy_YFP,IGHV1-7-01_IGHJ1-03_45_1,/home/hieunguyen/CRC1382/outdir/molmed_server/mixcr_pipeline_output/data_analysis/05_output/CDR3_0.15/m31/biopsy_YFP_MIDs/m31_biopsy_YFP_IGHV1-7-01_IGHJ1-03_45_1.aln.fasta
151,IGHV1-22*01_IGHJ4*01_42_1,5,m31,biopsy_YFP,IGHV1-22-01_IGHJ4-01_42_1,/home/hieunguyen/CRC1382/outdir/molmed_server/mixcr_pipeline_output/data_analysis/05_output/CDR3_0.15/m31/biopsy_YFP_MIDs/m31_biopsy_YFP_IGHV1-22-01_IGHJ4-01_42_1.aln.fasta
139,IGHV1-75*01_IGHJ1*03_54_1,5,m31,biopsy_YFP,IGHV1-75-01_IGHJ1-03_54_1,/home/hieunguyen/CRC1382/outdir/molmed_server/mixcr_pipeline_output/data_analysis/05_output/CDR3_0.15/m31/biopsy_YFP_MIDs/m31_biopsy_YFP_IGHV1-75-01_IGHJ1-03_54_1.aln.fasta
145,IGHV1-64*01_IGHJ3*01_42_2,5,m31,biopsy_YFP,IGHV1-64-01_IGHJ3-01_42_2,/home/hieunguyen/CRC1382/outdir/molmed_server/mixcr_pipeline_output/data_analysis/05_output/CDR3_0.15/m31/biopsy_YFP_MIDs/m31_biopsy_YFP_IGHV1-64-01_IGHJ3-01_42_2.aln.fasta
289,IGHV1-23*01_IGHJ2*01_26_1,6,m31,biopsy_YFP,IGHV1-23-01_IGHJ2-01_26_1,/home/hieunguyen/CRC1382/outdir/molmed_server/mixcr_pipeline_output/data_analysis/05_output/CDR3_0.15/m31/biopsy_YFP_MIDs/m31_biopsy_YFP_IGHV1-23-01_IGHJ2-01_26_1.aln.fasta
282,IGHV8-8*01_IGHJ4*01_25_3,6,m31,biopsy_YFP,IGHV8-8-01_IGHJ4-01_25_3,/home/hieunguyen/CRC1382/outdir/molmed_server/mixcr_pipeline_output/data_analysis/05_output/CDR3_0.15/m31/biopsy_YFP_MIDs/m31_biopsy_YFP_IGHV8-8-01_IGHJ4-01_25_3.aln.fasta
299,IGHV1-64*01_IGHJ2*01_45_1,6,m31,biopsy_YFP,IGHV1-64-01_IGHJ2-01_45_1,/home/hieunguyen/CRC1382/outdir/molmed_server/mixcr_pipeline_output/data_analysis/05_output/CDR3_0.15/m31/biopsy_YFP_MIDs/m31_biopsy_YFP_IGHV1-64-01_IGHJ2-01_45_1.aln.fasta
305,IGHV1-26*01_IGHJ1*03_18_1,6,m31,biopsy_YFP,IGHV1-26-01_IGHJ1-03_18_1,/home/hieunguyen/CRC1382/outdir/molmed_server/mixcr_pipeline_output/data_analysis/05_output/CDR3_0.15/m31/biopsy_YFP_MIDs/m31_biopsy_YFP_IGHV1-26-01_IGHJ1-03_18_1.aln.fasta
309,IGHV1-39*01_IGHJ4*01_18_1,6,m31,biopsy_YFP,IGHV1-39-01_IGHJ4-01_18_1,/home/hieunguyen/CRC1382/outdir/molmed_server/mixcr_pipeline_output/data_analysis/05_output/CDR3_0.15/m31/biopsy_YFP_MIDs/m31_biopsy_YFP_IGHV1-39-01_IGHJ4-01_18_1.aln.fasta
157,IGHV1-53*01_IGHJ3*01_45_1,6,m31,biopsy_YFP,IGHV1-53-01_IGHJ3-01_45_1,/home/hieunguyen/CRC1382/outdir/molmed_server/mixcr_pipeline_output/data_analysis/05_output/CDR3_0.15/m31/biopsy_YFP_MIDs/m31_biopsy_YFP_IGHV1-53-01_IGHJ3-01_45_1.aln.fasta
178,IGHV6-3*01_IGHJ2*01_27_1,6,m31,biopsy_YFP,IGHV6-3-01_IGHJ2-01_27_1,/home/hieunguyen/CRC1382/outdir/molmed_server/mixcr_pipeline_output/data_analysis/05_output/CDR3_0.15/m31/biopsy_YFP_MIDs/m31_biopsy_YFP_IGHV6-3-01_IGHJ2-01_27_1.aln.fasta
182,IGHV1-26*01_IGHJ2*01_39_1,6,m31,biopsy_YFP,IGHV1-26-01_IGHJ2-01_39_1,/home/hieunguyen/CRC1382/outdir/molmed_server/mixcr_pipeline_output/data_analysis/05_output/CDR3_0.15/m31/biopsy_YFP_MIDs/m31_biopsy_YFP_IGHV1-26-01_IGHJ2-01_39_1.aln.fasta
181,IGHV1-22*01_IGHJ1*03_30_2,6,m31,biopsy_YFP,IGHV1-22-01_IGHJ1-03_30_2,/home/hieunguyen/CRC1382/outdir/molmed_server/mixcr_pipeline_output/data_analysis/05_output/CDR3_0.15/m31/biopsy_YFP_MIDs/m31_biopsy_YFP_IGHV1-22-01_IGHJ1-03_30_2.aln.fasta
50,IGHV1-72*01_IGHJ3*01_27_3,6,m31,biopsy_YFP,IGHV1-72-01_IGHJ3-01_27_3,/home/hieunguyen/CRC1382/outdir/molmed_server/mixcr_pipeline_output/data_analysis/05_output/CDR3_0.15/m31/biopsy_YFP_MIDs/m31_biopsy_YFP_IGHV1-72-01_IGHJ3-01_27_3.aln.fasta
57,IGHV1-22*01_IGHJ4*01_45_2,6,m31,biopsy_YFP,IGHV1-22-01_IGHJ4-01_45_2,/home/hieunguyen/CRC1382/outdir/molmed_server/mixcr_pipeline_output/data_analysis/05_output/CDR3_0.15/m31/biopsy_YFP_MIDs/m31_biopsy_YFP_IGHV1-22-01_IGHJ4-01_45_2.aln.fasta
4,IGHV1-39*01_IGHJ4*01_39_4,6,m31,biopsy_YFP,IGHV1-39-01_IGHJ4-01_39_4,/home/hieunguyen/CRC1382/outdir/molmed_server/mixcr_pipeline_output/data_analysis/05_output/CDR3_0.15/m31/biopsy_YFP_MIDs/m31_biopsy_YFP_IGHV1-39-01_IGHJ4-01_39_4.aln.fasta
35,IGHV1-72*01_IGHJ4*01_36_2,6,m31,biopsy_YFP,IGHV1-72-01_IGHJ4-01_36_2,/home/hieunguyen/CRC1382/outdir/molmed_server/mixcr_pipeline_output/data_analysis/05_output/CDR3_0.15/m31/biopsy_YFP_MIDs/m31_biopsy_YFP_IGHV1-72-01_IGHJ4-01_36_2.aln.fasta
23,IGHV3-6*01_IGHJ1*03_54_2,6,m31,biopsy_YFP,IGHV3-6-01_IGHJ1-03_54_2,/home/hieunguyen/CRC1382/outdir/molmed_server/mixcr_pipeline_output/data_analysis/05_output/CDR3_0.15/m31/biopsy_YFP_MIDs/m31_biopsy_YFP_IGHV3-6-01_IGHJ1-03_54_2.aln.fasta
106,IGHV1-7*01_IGHJ4*01_63_1,6,m31,biopsy_YFP,IGHV1-7-01_IGHJ4-01_63_1,/home/hieunguyen/CRC1382/outdir/molmed_server/mixcr_pipeline_output/data_analysis/05_output/CDR3_0.15/m31/biopsy_YFP_MIDs/m31_biopsy_YFP_IGHV1-7-01_IGHJ4-01_63_1.aln.fasta
241,IGHV5-6*01_IGHJ3*01_42_1,6,m31,biopsy_YFP,IGHV5-6-01_IGHJ3-01_42_1,/home/hieunguyen/CRC1382/outdir/molmed_server/mixcr_pipeline_output/data_analysis/05_output/CDR3_0.15/m31/biopsy_YFP_MIDs/m31_biopsy_YFP_IGHV5-6-01_IGHJ3-01_42_1.aln.fasta
261,IGHV3-6*01_IGHJ1*03_60_1,6,m31,biopsy_YFP,IGHV3-6-01_IGHJ1-03_60_1,/home/hieunguyen/CRC1382/outdir/molmed_server/mixcr_pipeline_output/data_analysis/05_output/CDR3_0.15/m31/biopsy_YFP_MIDs/m31_biopsy_YFP_IGHV3-6-01_IGHJ1-03_60_1.aln.fasta
208,IGHV3-6*01_IGHJ2*01_48_1,6,m31,biopsy_YFP,IGHV3-6-01_IGHJ2-01_48_1,/home/hieunguyen/CRC1382/outdir/molmed_server/mixcr_pipeline_output/data_analysis/05_output/CDR3_0.15/m31/biopsy_YFP_MIDs/m31_biopsy_YFP_IGHV3-6-01_IGHJ2-01_48_1.aln.fasta
224,IGHV1-80*01_IGHJ3*01_57_1,6,m31,biopsy_YFP,IGHV1-80-01_IGHJ3-01_57_1,/home/hieunguyen/CRC1382/outdir/molmed_server/mixcr_pipeline_output/data_analysis/05_output/CDR3_0.15/m31/biopsy_YFP_MIDs/m31_biopsy_YFP_IGHV1-80-01_IGHJ3-01_57_1.aln.fasta
223,IGHV1-76*01_IGHJ4*01_60_1,6,m31,biopsy_YFP,IGHV1-76-01_IGHJ4-01_60_1,/home/hieunguyen/CRC1382/outdir/molmed_server/mixcr_pipeline_output/data_analysis/05_output/CDR3_0.15/m31/biopsy_YFP_MIDs/m31_biopsy_YFP_IGHV1-76-01_IGHJ4-01_60_1.aln.fasta
229,IGHV1-22*01_IGHJ3*01_33_1,6,m31,biopsy_YFP,IGHV1-22-01_IGHJ3-01_33_1,/home/hieunguyen/CRC1382/outdir/molmed_server/mixcr_pipeline_output/data_analysis/05_output/CDR3_0.15/m31/biopsy_YFP_MIDs/m31_biopsy_YFP_IGHV1-22-01_IGHJ3-01_33_1.aln.fasta
210,IGHV1-52*01_IGHJ4*01_42_2,6,m31,biopsy_YFP,IGHV1-52-01_IGHJ4-01_42_2,/home/hieunguyen/CRC1382/outdir/molmed_server/mixcr_pipeline_output/data_analysis/05_output/CDR3_0.15/m31/biopsy_YFP_MIDs/m31_biopsy_YFP_IGHV1-52-01_IGHJ4-01_42_2.aln.fasta
236,IGHV1-26*01_IGHJ3*01_45_1,7,m31,biopsy_YFP,IGHV1-26-01_IGHJ3-01_45_1,/home/hieunguyen/CRC1382/outdir/molmed_server/mixcr_pipeline_output/data_analysis/05_output/CDR3_0.15/m31/biopsy_YFP_MIDs/m31_biopsy_YFP_IGHV1-26-01_IGHJ3-01_45_1.aln.fasta
215,IGHV1-19*01_IGHJ4*01_51_2,7,m31,biopsy_YFP,IGHV1-19-01_IGHJ4-01_51_2,/home/hieunguyen/CRC1382/outdir/molmed_server/mixcr_pipeline_output/data_analysis/05_output/CDR3_0.15/m31/biopsy_YFP_MIDs/m31_biopsy_YFP_IGHV1-19-01_IGHJ4-01_51_2.aln.fasta
217,IGHV1-78*01_IGHJ2*01_36_1,7,m31,biopsy_YFP,IGHV1-78-01_IGHJ2-01_36_1,/home/hieunguyen/CRC1382/outdir/molmed_server/mixcr_pipeline_output/data_analysis/05_output/CDR3_0.15/m31/biopsy_YFP_MIDs/m31_biopsy_YFP_IGHV1-78-01_IGHJ2-01_36_1.aln.fasta
279,IGHV1-55*01_IGHJ1*03_45_1,7,m31,biopsy_YFP,IGHV1-55-01_IGHJ1-03_45_1,/home/hieunguyen/CRC1382/outdir/molmed_server/mixcr_pipeline_output/data_analysis/05_output/CDR3_0.15/m31/biopsy_YFP_MIDs/m31_biopsy_YFP_IGHV1-55-01_IGHJ1-03_45_1.aln.fasta
257,IGHV3-6*01_IGHJ2*01_36_1,7,m31,biopsy_YFP,IGHV3-6-01_IGHJ2-01_36_1,/home/hieunguyen/CRC1382/outdir/molmed_server/mixcr_pipeline_output/data_analysis/05_output/CDR3_0.15/m31/biopsy_YFP_MIDs/m31_biopsy_YFP_IGHV3-6-01_IGHJ2-01_36_1.aln.fasta
3,IGHV1-39*01_IGHJ4*01_39_3,7,m31,biopsy_YFP,IGHV1-39-01_IGHJ4-01_39_3,/home/hieunguyen/CRC1382/outdir/molmed_server/mixcr_pipeline_output/data_analysis/05_output/CDR3_0.15/m31/biopsy_YFP_MIDs/m31_biopsy_YFP_IGHV1-39-01_IGHJ4-01_39_3.aln.fasta
1,IGHV1-39*01_IGHJ4*01_39_1,7,m31,biopsy_YFP,IGHV1-39-01_IGHJ4-01_39_1,/home/hieunguyen/CRC1382/outdir/molmed_server/mixcr_pipeline_output/data_analysis/05_output/CDR3_0.15/m31/biopsy_YFP_MIDs/m31_biopsy_YFP_IGHV1-39-01_IGHJ4-01_39_1.aln.fasta
88,IGHV14-3*01_IGHJ2*01_33_2,7,m31,biopsy_YFP,IGHV14-3-01_IGHJ2-01_33_2,/home/hieunguyen/CRC1382/outdir/molmed_server/mixcr_pipeline_output/data_analysis/05_output/CDR3_0.15/m31/biopsy_YFP_MIDs/m31_biopsy_YFP_IGHV14-3-01_IGHJ2-01_33_2.aln.fasta
95,IGHV1-26*01_IGHJ3*01_42_1,7,m31,biopsy_YFP,IGHV1-26-01_IGHJ3-01_42_1,/home/hieunguyen/CRC1382/outdir/molmed_server/mixcr_pipeline_output/data_analysis/05_output/CDR3_0.15/m31/biopsy_YFP_MIDs/m31_biopsy_YFP_IGHV1-26-01_IGHJ3-01_42_1.aln.fasta
104,IGHV1-63*01_IGHJ4*01_54_2,7,m31,biopsy_YFP,IGHV1-63-01_IGHJ4-01_54_2,/home/hieunguyen/CRC1382/outdir/molmed_server/mixcr_pipeline_output/data_analysis/05_output/CDR3_0.15/m31/biopsy_YFP_MIDs/m31_biopsy_YFP_IGHV1-63-01_IGHJ4-01_54_2.aln.fasta
206,IGHV5-17*01_IGHJ4*01_42_2,7,m31,biopsy_YFP,IGHV5-17-01_IGHJ4-01_42_2,/home/hieunguyen/CRC1382/outdir/molmed_server/mixcr_pipeline_output/data_analysis/05_output/CDR3_0.15/m31/biopsy_YFP_MIDs/m31_biopsy_YFP_IGHV5-17-01_IGHJ4-01_42_2.aln.fasta
197,IGHV1-77*01_IGHJ3*01_39_1,7,m31,biopsy_YFP,IGHV1-77-01_IGHJ3-01_39_1,/home/hieunguyen/CRC1382/outdir/molmed_server/mixcr_pipeline_output/data_analysis/05_output/CDR3_0.15/m31/biopsy_YFP_MIDs/m31_biopsy_YFP_IGHV1-77-01_IGHJ3-01_39_1.aln.fasta
304,IGHV1-64*01_IGHJ4*01_18_1,7,m31,biopsy_YFP,IGHV1-64-01_IGHJ4-01_18_1,/home/hieunguyen/CRC1382/outdir/molmed_server/mixcr_pipeline_output/data_analysis/05_output/CDR3_0.15/m31/biopsy_YFP_MIDs/m31_biopsy_YFP_IGHV1-64-01_IGHJ4-01_18_1.aln.fasta
302,IGHV1-9*01_IGHJ2*01_18_1,7,m31,biopsy_YFP,IGHV1-9-01_IGHJ2-01_18_1,/home/hieunguyen/CRC1382/outdir/molmed_server/mixcr_pipeline_output/data_analysis/05_output/CDR3_0.15/m31/biopsy_YFP_MIDs/m31_biopsy_YFP_IGHV1-9-01_IGHJ2-01_18_1.aln.fasta
286,IGHV5-15*01_IGHJ1*03_54_2,7,m31,biopsy_YFP,IGHV5-15-01_IGHJ1-03_54_2,/home/hieunguyen/CRC1382/outdir/molmed_server/mixcr_pipeline_output/data_analysis/05_output/CDR3_0.15/m31/biopsy_YFP_MIDs/m31_biopsy_YFP_IGHV5-15-01_IGHJ1-03_54_2.aln.fasta
100,IGHV1-26*01_IGHJ2*01_33_2,8,m31,biopsy_YFP,IGHV1-26-01_IGHJ2-01_33_2,/home/hieunguyen/CRC1382/outdir/molmed_server/mixcr_pipeline_output/data_analysis/05_output/CDR3_0.15/m31/biopsy_YFP_MIDs/m31_biopsy_YFP_IGHV1-26-01_IGHJ2-01_33_2.aln.fasta
290,IGHV1-23*01_IGHJ2*01_26_2,8,m31,biopsy_YFP,IGHV1-23-01_IGHJ2-01_26_2,/home/hieunguyen/CRC1382/outdir/molmed_server/mixcr_pipeline_output/data_analysis/05_output/CDR3_0.15/m31/biopsy_YFP_MIDs/m31_biopsy_YFP_IGHV1-23-01_IGHJ2-01_26_2.aln.fasta
120,IGHV1-80*01_IGHJ3*01_39_1,8,m31,biopsy_YFP,IGHV1-80-01_IGHJ3-01_39_1,/home/hieunguyen/CRC1382/outdir/molmed_server/mixcr_pipeline_output/data_analysis/05_output/CDR3_0.15/m31/biopsy_YFP_MIDs/m31_biopsy_YFP_IGHV1-80-01_IGHJ3-01_39_1.aln.fasta
122,IGHV10-1*01_IGHJ1*03_48_1,8,m31,biopsy_YFP,IGHV10-1-01_IGHJ1-03_48_1,/home/hieunguyen/CRC1382/outdir/molmed_server/mixcr_pipeline_output/data_analysis/05_output/CDR3_0.15/m31/biopsy_YFP_MIDs/m31_biopsy_YFP_IGHV10-1-01_IGHJ1-03_48_1.aln.fasta
113,IGHV2-3*01_IGHJ2*01_27_1,8,m31,biopsy_YFP,IGHV2-3-01_IGHJ2-01_27_1,/home/hieunguyen/CRC1382/outdir/molmed_server/mixcr_pipeline_output/data_analysis/05_output/CDR3_0.15/m31/biopsy_YFP_MIDs/m31_biopsy_YFP_IGHV2-3-01_IGHJ2-01_27_1.aln.fasta
28,IGHV9-2*01_IGHJ1*03_42_2,8,m31,biopsy_YFP,IGHV9-2-01_IGHJ1-03_42_2,/home/hieunguyen/CRC1382/outdir/molmed_server/mixcr_pipeline_output/data_analysis/05_output/CDR3_0.15/m31/biopsy_YFP_MIDs/m31_biopsy_YFP_IGHV9-2-01_IGHJ1-03_42_2.aln.fasta
168,IGHV1-72*01_IGHJ4*01_48_2,8,m31,biopsy_YFP,IGHV1-72-01_IGHJ4-01_48_2,/home/hieunguyen/CRC1382/outdir/molmed_server/mixcr_pipeline_output/data_analysis/05_output/CDR3_0.15/m31/biopsy_YFP_MIDs/m31_biopsy_YFP_IGHV1-72-01_IGHJ4-01_48_2.aln.fasta
169,IGHV1-55*01_IGHJ1*03_48_1,8,m31,biopsy_YFP,IGHV1-55-01_IGHJ1-03_48_1,/home/hieunguyen/CRC1382/outdir/molmed_server/mixcr_pipeline_output/data_analysis/05_output/CDR3_0.15/m31/biopsy_YFP_MIDs/m31_biopsy_YFP_IGHV1-55-01_IGHJ1-03_48_1.aln.fasta
146,IGHV1-15*01_IGHJ3*01_42_1,8,m31,biopsy_YFP,IGHV1-15-01_IGHJ3-01_42_1,/home/hieunguyen/CRC1382/outdir/molmed_server/mixcr_pipeline_output/data_analysis/05_output/CDR3_0.15/m31/biopsy_YFP_MIDs/m31_biopsy_YFP_IGHV1-15-01_IGHJ3-01_42_1.aln.fasta
62,IGHV1-53*01_IGHJ1*03_42_1,8,m31,biopsy_YFP,IGHV1-53-01_IGHJ1-03_42_1,/home/hieunguyen/CRC1382/outdir/molmed_server/mixcr_pipeline_output/data_analysis/05_output/CDR3_0.15/m31/biopsy_YFP_MIDs/m31_biopsy_YFP_IGHV1-53-01_IGHJ1-03_42_1.aln.fasta
142,IGHV1-22*01_IGHJ2*01_27_1,8,m31,biopsy_YFP,IGHV1-22-01_IGHJ2-01_27_1,/home/hieunguyen/CRC1382/outdir/molmed_server/mixcr_pipeline_output/data_analysis/05_output/CDR3_0.15/m31/biopsy_YFP_MIDs/m31_biopsy_YFP_IGHV1-22-01_IGHJ2-01_27_1.aln.fasta
135,IGHV1-39*01_IGHJ3*01_39_1,8,m31,biopsy_YFP,IGHV1-39-01_IGHJ3-01_39_1,/home/hieunguyen/CRC1382/outdir/molmed_server/mixcr_pipeline_output/data_analysis/05_output/CDR3_0.15/m31/biopsy_YFP_MIDs/m31_biopsy_YFP_IGHV1-39-01_IGHJ3-01_39_1.aln.fasta
153,IGHV1-85*01_IGHJ4*01_39_1,8,m31,biopsy_YFP,IGHV1-85-01_IGHJ4-01_39_1,/home/hieunguyen/CRC1382/outdir/molmed_server/mixcr_pipeline_output/data_analysis/05_output/CDR3_0.15/m31/biopsy_YFP_MIDs/m31_biopsy_YFP_IGHV1-85-01_IGHJ4-01_39_1.aln.fasta
174,IGHV10-1*01_IGHJ4*01_42_1,9,m31,biopsy_YFP,IGHV10-1-01_IGHJ4-01_42_1,/home/hieunguyen/CRC1382/outdir/molmed_server/mixcr_pipeline_output/data_analysis/05_output/CDR3_0.15/m31/biopsy_YFP_MIDs/m31_biopsy_YFP_IGHV10-1-01_IGHJ4-01_42_1.aln.fasta
274,IGHV1-67*01_IGHJ2*01_46_3,9,m31,biopsy_YFP,IGHV1-67-01_IGHJ2-01_46_3,/home/hieunguyen/CRC1382/outdir/molmed_server/mixcr_pipeline_output/data_analysis/05_output/CDR3_0.15/m31/biopsy_YFP_MIDs/m31_biopsy_YFP_IGHV1-67-01_IGHJ2-01_46_3.aln.fasta
209,IGHV1-52*01_IGHJ4*01_42_1,9,m31,biopsy_YFP,IGHV1-52-01_IGHJ4-01_42_1,/home/hieunguyen/CRC1382/outdir/molmed_server/mixcr_pipeline_output/data_analysis/05_output/CDR3_0.15/m31/biopsy_YFP_MIDs/m31_biopsy_YFP_IGHV1-52-01_IGHJ4-01_42_1.aln.fasta
251,IGHV1-61*01_IGHJ4*01_48_1,9,m31,biopsy_YFP,IGHV1-61-01_IGHJ4-01_48_1,/home/hieunguyen/CRC1382/outdir/molmed_server/mixcr_pipeline_output/data_analysis/05_output/CDR3_0.15/m31/biopsy_YFP_MIDs/m31_biopsy_YFP_IGHV1-61-01_IGHJ4-01_48_1.aln.fasta
246,IGHV4-1*01_IGHJ3*01_45_1,9,m31,biopsy_YFP,IGHV4-1-01_IGHJ3-01_45_1,/home/hieunguyen/CRC1382/outdir/molmed_server/mixcr_pipeline_output/data_analysis/05_output/CDR3_0.15/m31/biopsy_YFP_MIDs/m31_biopsy_YFP_IGHV4-1-01_IGHJ3-01_45_1.aln.fasta
47,IGHV8-8*01_IGHJ1*03_57_1,9,m31,biopsy_YFP,IGHV8-8-01_IGHJ1-03_57_1,/home/hieunguyen/CRC1382/outdir/molmed_server/mixcr_pipeline_output/data_analysis/05_output/CDR3_0.15/m31/biopsy_YFP_MIDs/m31_biopsy_YFP_IGHV8-8-01_IGHJ1-03_57_1.aln.fasta
8,IGHV1-81*01_IGHJ2*01_36_3,9,m31,biopsy_YFP,IGHV1-81-01_IGHJ2-01_36_3,/home/hieunguyen/CRC1382/outdir/molmed_server/mixcr_pipeline_output/data_analysis/05_output/CDR3_0.15/m31/biopsy_YFP_MIDs/m31_biopsy_YFP_IGHV1-81-01_IGHJ2-01_36_3.aln.fasta
64,IGHV1-59*01_IGHJ3*01_36_1,9,m31,biopsy_YFP,IGHV1-59-01_IGHJ3-01_36_1,/home/hieunguyen/CRC1382/outdir/molmed_server/mixcr_pipeline_output/data_analysis/05_output/CDR3_0.15/m31/biopsy_YFP_MIDs/m31_biopsy_YFP_IGHV1-59-01_IGHJ3-01_36_1.aln.fasta
85,IGHV1-53*01_IGHJ2*01_42_1,9,m31,biopsy_YFP,IGHV1-53-01_IGHJ2-01_42_1,/home/hieunguyen/CRC1382/outdir/molmed_server/mixcr_pipeline_output/data_analysis/05_output/CDR3_0.15/m31/biopsy_YFP_MIDs/m31_biopsy_YFP_IGHV1-53-01_IGHJ2-01_42_1.aln.fasta
212,IGHV1-19*01_IGHJ1*03_54_1,10,m31,biopsy_YFP,IGHV1-19-01_IGHJ1-03_54_1,/home/hieunguyen/CRC1382/outdir/molmed_server/mixcr_pipeline_output/data_analysis/05_output/CDR3_0.15/m31/biopsy_YFP_MIDs/m31_biopsy_YFP_IGHV1-19-01_IGHJ1-03_54_1.aln.fasta
49,IGHV1-72*01_IGHJ3*01_27_2,10,m31,biopsy_YFP,IGHV1-72-01_IGHJ3-01_27_2,/home/hieunguyen/CRC1382/outdir/molmed_server/mixcr_pipeline_output/data_analysis/05_output/CDR3_0.15/m31/biopsy_YFP_MIDs/m31_biopsy_YFP_IGHV1-72-01_IGHJ3-01_27_2.aln.fasta
234,IGHV14-3*01_IGHJ2*01_48_1,10,m31,biopsy_YFP,IGHV14-3-01_IGHJ2-01_48_1,/home/hieunguyen/CRC1382/outdir/molmed_server/mixcr_pipeline_output/data_analysis/05_output/CDR3_0.15/m31/biopsy_YFP_MIDs/m31_biopsy_YFP_IGHV14-3-01_IGHJ2-01_48_1.aln.fasta
58,IGHV8-8*01_IGHJ2*01_48_1,10,m31,biopsy_YFP,IGHV8-8-01_IGHJ2-01_48_1,/home/hieunguyen/CRC1382/outdir/molmed_server/mixcr_pipeline_output/data_analysis/05_output/CDR3_0.15/m31/biopsy_YFP_MIDs/m31_biopsy_YFP_IGHV8-8-01_IGHJ2-01_48_1.aln.fasta
235,IGHV14-3*01_IGHJ2*01_48_2,10,m31,biopsy_YFP,IGHV14-3-01_IGHJ2-01_48_2,/home/hieunguyen/CRC1382/outdir/molmed_server/mixcr_pipeline_output/data_analysis/05_output/CDR3_0.15/m31/biopsy_YFP_MIDs/m31_biopsy_YFP_IGHV14-3-01_IGHJ2-01_48_2.aln.fasta
165,IGHV1-85*01_IGHJ2*01_39_1,10,m31,biopsy_YFP,IGHV1-85-01_IGHJ2-01_39_1,/home/hieunguyen/CRC1382/outdir/molmed_server/mixcr_pipeline_output/data_analysis/05_output/CDR3_0.15/m31/biopsy_YFP_MIDs/m31_biopsy_YFP_IGHV1-85-01_IGHJ2-01_39_1.aln.fasta
167,IGHV1-72*01_IGHJ4*01_48_1,10,m31,biopsy_YFP,IGHV1-72-01_IGHJ4-01_48_1,/home/hieunguyen/CRC1382/outdir/molmed_server/mixcr_pipeline_output/data_analysis/05_output/CDR3_0.15/m31/biopsy_YFP_MIDs/m31_biopsy_YFP_IGHV1-72-01_IGHJ4-01_48_1.aln.fasta
2,IGHV1-39*01_IGHJ4*01_39_2,10,m31,biopsy_YFP,IGHV1-39-01_IGHJ4-01_39_2,/home/hieunguyen/CRC1382/outdir/molmed_server/mixcr_pipeline_output/data_analysis/05_output/CDR3_0.15/m31/biopsy_YFP_MIDs/m31_biopsy_YFP_IGHV1-39-01_IGHJ4-01_39_2.aln.fasta
140,IGHV2-6*03_IGHJ1*03_51_1,10,m31,biopsy_YFP,IGHV2-6-03_IGHJ1-03_51_1,/home/hieunguyen/CRC1382/outdir/molmed_server/mixcr_pipeline_output/data_analysis/05_output/CDR3_0.15/m31/biopsy_YFP_MIDs/m31_biopsy_YFP_IGHV2-6-03_IGHJ1-03_51_1.aln.fasta
159,IGHV1-26*01_IGHJ4*01_39_1,10,m31,biopsy_YFP,IGHV1-26-01_IGHJ4-01_39_1,/home/hieunguyen/CRC1382/outdir/molmed_server/mixcr_pipeline_output/data_analysis/05_output/CDR3_0.15/m31/biopsy_YFP_MIDs/m31_biopsy_YFP_IGHV1-26-01_IGHJ4-01_39_1.aln.fasta
185,IGHV1-12*01_IGHJ2*01_30_1,10,m31,biopsy_YFP,IGHV1-12-01_IGHJ2-01_30_1,/home/hieunguyen/CRC1382/outdir/molmed_server/mixcr_pipeline_output/data_analysis/05_output/CDR3_0.15/m31/biopsy_YFP_MIDs/m31_biopsy_YFP_IGHV1-12-01_IGHJ2-01_30_1.aln.fasta
183,IGHV1-26*01_IGHJ2*01_39_2,10,m31,biopsy_YFP,IGHV1-26-01_IGHJ2-01_39_2,/home/hieunguyen/CRC1382/outdir/molmed_server/mixcr_pipeline_output/data_analysis/05_output/CDR3_0.15/m31/biopsy_YFP_MIDs/m31_biopsy_YFP_IGHV1-26-01_IGHJ2-01_39_2.aln.fasta
180,IGHV1-22*01_IGHJ1*03_30_1,11,m31,biopsy_YFP,IGHV1-22-01_IGHJ1-03_30_1,/home/hieunguyen/CRC1382/outdir/molmed_server/mixcr_pipeline_output/data_analysis/05_output/CDR3_0.15/m31/biopsy_YFP_MIDs/m31_biopsy_YFP_IGHV1-22-01_IGHJ1-03_30_1.aln.fasta
89,IGHV1-72*01_IGHJ4*01_45_1,11,m31,biopsy_YFP,IGHV1-72-01_IGHJ4-01_45_1,/home/hieunguyen/CRC1382/outdir/molmed_server/mixcr_pipeline_output/data_analysis/05_output/CDR3_0.15/m31/biopsy_YFP_MIDs/m31_biopsy_YFP_IGHV1-72-01_IGHJ4-01_45_1.aln.fasta
92,IGHV1-72*01_IGHJ2*01_48_1,11,m31,biopsy_YFP,IGHV1-72-01_IGHJ2-01_48_1,/home/hieunguyen/CRC1382/outdir/molmed_server/mixcr_pipeline_output/data_analysis/05_output/CDR3_0.15/m31/biopsy_YFP_MIDs/m31_biopsy_YFP_IGHV1-72-01_IGHJ2-01_48_1.aln.fasta
137,IGHV1-64*01_IGHJ1*03_51_1,11,m31,biopsy_YFP,IGHV1-64-01_IGHJ1-03_51_1,/home/hieunguyen/CRC1382/outdir/molmed_server/mixcr_pipeline_output/data_analysis/05_output/CDR3_0.15/m31/biopsy_YFP_MIDs/m31_biopsy_YFP_IGHV1-64-01_IGHJ1-03_51_1.aln.fasta
242,IGHV1-18*01_IGHJ4*01_48_1,11,m31,biopsy_YFP,IGHV1-18-01_IGHJ4-01_48_1,/home/hieunguyen/CRC1382/outdir/molmed_server/mixcr_pipeline_output/data_analysis/05_output/CDR3_0.15/m31/biopsy_YFP_MIDs/m31_biopsy_YFP_IGHV1-18-01_IGHJ4-01_48_1.aln.fasta
60,IGHV1-66*01_IGHJ4*01_42_2,11,m31,biopsy_YFP,IGHV1-66-01_IGHJ4-01_42_2,/home/hieunguyen/CRC1382/outdir/molmed_server/mixcr_pipeline_output/data_analysis/05_output/CDR3_0.15/m31/biopsy_YFP_MIDs/m31_biopsy_YFP_IGHV1-66-01_IGHJ4-01_42_2.aln.fasta
20,IGHV3-6*01_IGHJ2*01_45_3,11,m31,biopsy_YFP,IGHV3-6-01_IGHJ2-01_45_3,/home/hieunguyen/CRC1382/outdir/molmed_server/mixcr_pipeline_output/data_analysis/05_output/CDR3_0.15/m31/biopsy_YFP_MIDs/m31_biopsy_YFP_IGHV3-6-01_IGHJ2-01_45_3.aln.fasta
17,IGHV1-39*01_IGHJ3*01_36_1,11,m31,biopsy_YFP,IGHV1-39-01_IGHJ3-01_36_1,/home/hieunguyen/CRC1382/outdir/molmed_server/mixcr_pipeline_output/data_analysis/05_output/CDR3_0.15/m31/biopsy_YFP_MIDs/m31_biopsy_YFP_IGHV1-39-01_IGHJ3-01_36_1.aln.fasta
22,IGHV3-6*01_IGHJ1*03_54_1,11,m31,biopsy_YFP,IGHV3-6-01_IGHJ1-03_54_1,/home/hieunguyen/CRC1382/outdir/molmed_server/mixcr_pipeline_output/data_analysis/05_output/CDR3_0.15/m31/biopsy_YFP_MIDs/m31_biopsy_YFP_IGHV3-6-01_IGHJ1-03_54_1.aln.fasta
205,IGHV5-17*01_IGHJ4*01_42_1,11,m31,biopsy_YFP,IGHV5-17-01_IGHJ4-01_42_1,/home/hieunguyen/CRC1382/outdir/molmed_server/mixcr_pipeline_output/data_analysis/05_output/CDR3_0.15/m31/biopsy_YFP_MIDs/m31_biopsy_YFP_IGHV5-17-01_IGHJ4-01_42_1.aln.fasta
94,IGHV11-2*01_IGHJ1*01_45_1,11,m31,biopsy_YFP,IGHV11-2-01_IGHJ1-01_45_1,/home/hieunguyen/CRC1382/outdir/molmed_server/mixcr_pipeline_output/data_analysis/05_output/CDR3_0.15/m31/biopsy_YFP_MIDs/m31_biopsy_YFP_IGHV11-2-01_IGHJ1-01_45_1.aln.fasta
7,IGHV1-81*01_IGHJ2*01_36_2,11,m31,biopsy_YFP,IGHV1-81-01_IGHJ2-01_36_2,/home/hieunguyen/CRC1382/outdir/molmed_server/mixcr_pipeline_output/data_analysis/05_output/CDR3_0.15/m31/biopsy_YFP_MIDs/m31_biopsy_YFP_IGHV1-81-01_IGHJ2-01_36_2.aln.fasta
84,IGHV1-72*01_IGHJ2*01_27_1,12,m31,biopsy_YFP,IGHV1-72-01_IGHJ2-01_27_1,/home/hieunguyen/CRC1382/outdir/molmed_server/mixcr_pipeline_output/data_analysis/05_output/CDR3_0.15/m31/biopsy_YFP_MIDs/m31_biopsy_YFP_IGHV1-72-01_IGHJ2-01_27_1.aln.fasta
77,IGHV1-26*01_IGHJ1*03_54_3,12,m31,biopsy_YFP,IGHV1-26-01_IGHJ1-03_54_3,/home/hieunguyen/CRC1382/outdir/molmed_server/mixcr_pipeline_output/data_analysis/05_output/CDR3_0.15/m31/biopsy_YFP_MIDs/m31_biopsy_YFP_IGHV1-26-01_IGHJ1-03_54_3.aln.fasta
44,IGHV3-6*01_IGHJ2*01_30_1,12,m31,biopsy_YFP,IGHV3-6-01_IGHJ2-01_30_1,/home/hieunguyen/CRC1382/outdir/molmed_server/mixcr_pipeline_output/data_analysis/05_output/CDR3_0.15/m31/biopsy_YFP_MIDs/m31_biopsy_YFP_IGHV3-6-01_IGHJ2-01_30_1.aln.fasta
255,IGHV5-12*01_IGHJ3*01_42_1,12,m31,biopsy_YFP,IGHV5-12-01_IGHJ3-01_42_1,/home/hieunguyen/CRC1382/outdir/molmed_server/mixcr_pipeline_output/data_analysis/05_output/CDR3_0.15/m31/biopsy_YFP_MIDs/m31_biopsy_YFP_IGHV5-12-01_IGHJ3-01_42_1.aln.fasta
193,IGHV1-22*01_IGHJ2*01_30_1,13,m31,biopsy_YFP,IGHV1-22-01_IGHJ2-01_30_1,/home/hieunguyen/CRC1382/outdir/molmed_server/mixcr_pipeline_output/data_analysis/05_output/CDR3_0.15/m31/biopsy_YFP_MIDs/m31_biopsy_YFP_IGHV1-22-01_IGHJ2-01_30_1.aln.fasta
192,IGHV1-50*01_IGHJ1*03_39_1,13,m31,biopsy_YFP,IGHV1-50-01_IGHJ1-03_39_1,/home/hieunguyen/CRC1382/outdir/molmed_server/mixcr_pipeline_output/data_analysis/05_output/CDR3_0.15/m31/biopsy_YFP_MIDs/m31_biopsy_YFP_IGHV1-50-01_IGHJ1-03_39_1.aln.fasta
76,IGHV1-26*01_IGHJ1*03_54_2,13,m31,biopsy_YFP,IGHV1-26-01_IGHJ1-03_54_2,/home/hieunguyen/CRC1382/outdir/molmed_server/mixcr_pipeline_output/data_analysis/05_output/CDR3_0.15/m31/biopsy_YFP_MIDs/m31_biopsy_YFP_IGHV1-26-01_IGHJ1-03_54_2.aln.fasta
117,IGHV1-80*01_IGHJ1*03_54_1,13,m31,biopsy_YFP,IGHV1-80-01_IGHJ1-03_54_1,/home/hieunguyen/CRC1382/outdir/molmed_server/mixcr_pipeline_output/data_analysis/05_output/CDR3_0.15/m31/biopsy_YFP_MIDs/m31_biopsy_YFP_IGHV1-80-01_IGHJ1-03_54_1.aln.fasta
111,IGHV14-3*01_IGHJ4*01_51_1,13,m31,biopsy_YFP,IGHV14-3-01_IGHJ4-01_51_1,/home/hieunguyen/CRC1382/outdir/molmed_server/mixcr_pipeline_output/data_analysis/05_output/CDR3_0.15/m31/biopsy_YFP_MIDs/m31_biopsy_YFP_IGHV14-3-01_IGHJ4-01_51_1.aln.fasta
5,IGHV8-12*01_IGHJ1*03_60_1,13,m31,biopsy_YFP,IGHV8-12-01_IGHJ1-03_60_1,/home/hieunguyen/CRC1382/outdir/molmed_server/mixcr_pipeline_output/data_analysis/05_output/CDR3_0.15/m31/biopsy_YFP_MIDs/m31_biopsy_YFP_IGHV8-12-01_IGHJ1-03_60_1.aln.fasta
109,IGHV2-2*01_IGHJ4*01_45_1,13,m31,biopsy_YFP,IGHV2-2-01_IGHJ4-01_45_1,/home/hieunguyen/CRC1382/outdir/molmed_server/mixcr_pipeline_output/data_analysis/05_output/CDR3_0.15/m31/biopsy_YFP_MIDs/m31_biopsy_YFP_IGHV2-2-01_IGHJ4-01_45_1.aln.fasta
152,IGHV14-1*01_IGHJ2*01_45_1,14,m31,biopsy_YFP,IGHV14-1-01_IGHJ2-01_45_1,/home/hieunguyen/CRC1382/outdir/molmed_server/mixcr_pipeline_output/data_analysis/05_output/CDR3_0.15/m31/biopsy_YFP_MIDs/m31_biopsy_YFP_IGHV14-1-01_IGHJ2-01_45_1.aln.fasta
160,IGHV1-52*01_IGHJ2*01_33_1,14,m31,biopsy_YFP,IGHV1-52-01_IGHJ2-01_33_1,/home/hieunguyen/CRC1382/outdir/molmed_server/mixcr_pipeline_output/data_analysis/05_output/CDR3_0.15/m31/biopsy_YFP_MIDs/m31_biopsy_YFP_IGHV1-52-01_IGHJ2-01_33_1.aln.fasta
93,IGHV10-3*01_IGHJ2*01_33_1,15,m31,biopsy_YFP,IGHV10-3-01_IGHJ2-01_33_1,/home/hieunguyen/CRC1382/outdir/molmed_server/mixcr_pipeline_output/data_analysis/05_output/CDR3_0.15/m31/biopsy_YFP_MIDs/m31_biopsy_YFP_IGHV10-3-01_IGHJ2-01_33_1.aln.fasta
78,IGHV14-3*01_IGHJ3*01_24_1,15,m31,biopsy_YFP,IGHV14-3-01_IGHJ3-01_24_1,/home/hieunguyen/CRC1382/outdir/molmed_server/mixcr_pipeline_output/data_analysis/05_output/CDR3_0.15/m31/biopsy_YFP_MIDs/m31_biopsy_YFP_IGHV14-3-01_IGHJ3-01_24_1.aln.fasta
24,IGHV1-82*01_IGHJ3*01_36_1,15,m31,biopsy_YFP,IGHV1-82-01_IGHJ3-01_36_1,/home/hieunguyen/CRC1382/outdir/molmed_server/mixcr_pipeline_output/data_analysis/05_output/CDR3_0.15/m31/biopsy_YFP_MIDs/m31_biopsy_YFP_IGHV1-82-01_IGHJ3-01_36_1.aln.fasta
221,IGHV1-47*01_IGHJ4*01_42_1,15,m31,biopsy_YFP,IGHV1-47-01_IGHJ4-01_42_1,/home/hieunguyen/CRC1382/outdir/molmed_server/mixcr_pipeline_output/data_analysis/05_output/CDR3_0.15/m31/biopsy_YFP_MIDs/m31_biopsy_YFP_IGHV1-47-01_IGHJ4-01_42_1.aln.fasta
118,IGHV1-26*01_IGHJ2*01_30_1,16,m31,biopsy_YFP,IGHV1-26-01_IGHJ2-01_30_1,/home/hieunguyen/CRC1382/outdir/molmed_server/mixcr_pipeline_output/data_analysis/05_output/CDR3_0.15/m31/biopsy_YFP_MIDs/m31_biopsy_YFP_IGHV1-26-01_IGHJ2-01_30_1.aln.fasta
141,IGHV1-15*01_IGHJ3*01_36_1,16,m31,biopsy_YFP,IGHV1-15-01_IGHJ3-01_36_1,/home/hieunguyen/CRC1382/outdir/molmed_server/mixcr_pipeline_output/data_analysis/05_output/CDR3_0.15/m31/biopsy_YFP_MIDs/m31_biopsy_YFP_IGHV1-15-01_IGHJ3-01_36_1.aln.fasta
107,IGHV1-52*01_IGHJ3*01_39_1,18,m31,biopsy_YFP,IGHV1-52-01_IGHJ3-01_39_1,/home/hieunguyen/CRC1382/outdir/molmed_server/mixcr_pipeline_output/data_analysis/05_output/CDR3_0.15/m31/biopsy_YFP_MIDs/m31_biopsy_YFP_IGHV1-52-01_IGHJ3-01_39_1.aln.fasta
110,IGHV1-7*01_IGHJ1*03_48_1,18,m31,biopsy_YFP,IGHV1-7-01_IGHJ1-03_48_1,/home/hieunguyen/CRC1382/outdir/molmed_server/mixcr_pipeline_output/data_analysis/05_output/CDR3_0.15/m31/biopsy_YFP_MIDs/m31_biopsy_YFP_IGHV1-7-01_IGHJ1-03_48_1.aln.fasta
125,IGHV2-2*01_IGHJ3*01_42_1,18,m31,biopsy_YFP,IGHV2-2-01_IGHJ3-01_42_1,/home/hieunguyen/CRC1382/outdir/molmed_server/mixcr_pipeline_output/data_analysis/05_output/CDR3_0.15/m31/biopsy_YFP_MIDs/m31_biopsy_YFP_IGHV2-2-01_IGHJ3-01_42_1.aln.fasta
149,IGHV1-62_IGHJ3*01_39_1,18,m31,biopsy_YFP,IGHV1-62_IGHJ3-01_39_1,/home/hieunguyen/CRC1382/outdir/molmed_server/mixcr_pipeline_output/data_analysis/05_output/CDR3_0.15/m31/biopsy_YFP_MIDs/m31_biopsy_YFP_IGHV1-62_IGHJ3-01_39_1.aln.fasta
156,IGHV1-39*01_IGHJ1*03_30_1,18,m31,biopsy_YFP,IGHV1-39-01_IGHJ1-03_30_1,/home/hieunguyen/CRC1382/outdir/molmed_server/mixcr_pipeline_output/data_analysis/05_output/CDR3_0.15/m31/biopsy_YFP_MIDs/m31_biopsy_YFP_IGHV1-39-01_IGHJ1-03_30_1.aln.fasta
281,IGHV8-8*01_IGHJ4*01_25_2,18,m31,biopsy_YFP,IGHV8-8-01_IGHJ4-01_25_2,/home/hieunguyen/CRC1382/outdir/molmed_server/mixcr_pipeline_output/data_analysis/05_output/CDR3_0.15/m31/biopsy_YFP_MIDs/m31_biopsy_YFP_IGHV8-8-01_IGHJ4-01_25_2.aln.fasta
102,IGHV1-19*01_IGHJ2*01_45_1,18,m31,biopsy_YFP,IGHV1-19-01_IGHJ2-01_45_1,/home/hieunguyen/CRC1382/outdir/molmed_server/mixcr_pipeline_output/data_analysis/05_output/CDR3_0.15/m31/biopsy_YFP_MIDs/m31_biopsy_YFP_IGHV1-19-01_IGHJ2-01_45_1.aln.fasta
72,IGHV1-72*01_IGHJ4*01_57_1,18,m31,biopsy_YFP,IGHV1-72-01_IGHJ4-01_57_1,/home/hieunguyen/CRC1382/outdir/molmed_server/mixcr_pipeline_output/data_analysis/05_output/CDR3_0.15/m31/biopsy_YFP_MIDs/m31_biopsy_YFP_IGHV1-72-01_IGHJ4-01_57_1.aln.fasta
53,IGHV1-53*01_IGHJ2*01_33_1,18,m31,biopsy_YFP,IGHV1-53-01_IGHJ2-01_33_1,/home/hieunguyen/CRC1382/outdir/molmed_server/mixcr_pipeline_output/data_analysis/05_output/CDR3_0.15/m31/biopsy_YFP_MIDs/m31_biopsy_YFP_IGHV1-53-01_IGHJ2-01_33_1.aln.fasta
66,IGHV1-59*01_IGHJ3*01_36_3,19,m31,biopsy_YFP,IGHV1-59-01_IGHJ3-01_36_3,/home/hieunguyen/CRC1382/outdir/molmed_server/mixcr_pipeline_output/data_analysis/05_output/CDR3_0.15/m31/biopsy_YFP_MIDs/m31_biopsy_YFP_IGHV1-59-01_IGHJ3-01_36_3.aln.fasta
18,IGHV3-6*01_IGHJ2*01_45_1,19,m31,biopsy_YFP,IGHV3-6-01_IGHJ2-01_45_1,/home/hieunguyen/CRC1382/outdir/molmed_server/mixcr_pipeline_output/data_analysis/05_output/CDR3_0.15/m31/biopsy_YFP_MIDs/m31_biopsy_YFP_IGHV3-6-01_IGHJ2-01_45_1.aln.fasta
83,IGHV1-9*01_IGHJ1*03_42_2,20,m31,biopsy_YFP,IGHV1-9-01_IGHJ1-03_42_2,/home/hieunguyen/CRC1382/outdir/molmed_server/mixcr_pipeline_output/data_analysis/05_output/CDR3_0.15/m31/biopsy_YFP_MIDs/m31_biopsy_YFP_IGHV1-9-01_IGHJ1-03_42_2.aln.fasta
81,IGHV1-72*01_IGHJ3*01_42_1,20,m31,biopsy_YFP,IGHV1-72-01_IGHJ3-01_42_1,/home/hieunguyen/CRC1382/outdir/molmed_server/mixcr_pipeline_output/data_analysis/05_output/CDR3_0.15/m31/biopsy_YFP_MIDs/m31_biopsy_YFP_IGHV1-72-01_IGHJ3-01_42_1.aln.fasta
30,IGHV1-75*01_IGHJ1*03_48_2,20,m31,biopsy_YFP,IGHV1-75-01_IGHJ1-03_48_2,/home/hieunguyen/CRC1382/outdir/molmed_server/mixcr_pipeline_output/data_analysis/05_output/CDR3_0.15/m31/biopsy_YFP_MIDs/m31_biopsy_YFP_IGHV1-75-01_IGHJ1-03_48_2.aln.fasta
86,IGHV1-53*01_IGHJ2*01_42_2,20,m31,biopsy_YFP,IGHV1-53-01_IGHJ2-01_42_2,/home/hieunguyen/CRC1382/outdir/molmed_server/mixcr_pipeline_output/data_analysis/05_output/CDR3_0.15/m31/biopsy_YFP_MIDs/m31_biopsy_YFP_IGHV1-53-01_IGHJ2-01_42_2.aln.fasta
80,IGHV1-69*01_IGHJ1*03_48_1,21,m31,biopsy_YFP,IGHV1-69-01_IGHJ1-03_48_1,/home/hieunguyen/CRC1382/outdir/molmed_server/mixcr_pipeline_output/data_analysis/05_output/CDR3_0.15/m31/biopsy_YFP_MIDs/m31_biopsy_YFP_IGHV1-69-01_IGHJ1-03_48_1.aln.fasta
201,IGHV1-67*01_IGHJ2*01_18_1,21,m31,biopsy_YFP,IGHV1-67-01_IGHJ2-01_18_1,/home/hieunguyen/CRC1382/outdir/molmed_server/mixcr_pipeline_output/data_analysis/05_output/CDR3_0.15/m31/biopsy_YFP_MIDs/m31_biopsy_YFP_IGHV1-67-01_IGHJ2-01_18_1.aln.fasta
70,IGHV3-6*01_IGHJ3*01_33_1,23,m31,biopsy_YFP,IGHV3-6-01_IGHJ3-01_33_1,/home/hieunguyen/CRC1382/outdir/molmed_server/mixcr_pipeline_output/data_analysis/05_output/CDR3_0.15/m31/biopsy_YFP_MIDs/m31_biopsy_YFP_IGHV3-6-01_IGHJ3-01_33_1.aln.fasta
61,IGHV1-66*01_IGHJ4*01_42_3,23,m31,biopsy_YFP,IGHV1-66-01_IGHJ4-01_42_3,/home/hieunguyen/CRC1382/outdir/molmed_server/mixcr_pipeline_output/data_analysis/05_output/CDR3_0.15/m31/biopsy_YFP_MIDs/m31_biopsy_YFP_IGHV1-66-01_IGHJ4-01_42_3.aln.fasta
51,IGHV13-2*01_IGHJ2*01_45_1,23,m31,biopsy_YFP,IGHV13-2-01_IGHJ2-01_45_1,/home/hieunguyen/CRC1382/outdir/molmed_server/mixcr_pipeline_output/data_analysis/05_output/CDR3_0.15/m31/biopsy_YFP_MIDs/m31_biopsy_YFP_IGHV13-2-01_IGHJ2-01_45_1.aln.fasta
45,IGHV11-2*01_IGHJ1*03_45_1,23,m31,biopsy_YFP,IGHV11-2-01_IGHJ1-03_45_1,/home/hieunguyen/CRC1382/outdir/molmed_server/mixcr_pipeline_output/data_analysis/05_output/CDR3_0.15/m31/biopsy_YFP_MIDs/m31_biopsy_YFP_IGHV11-2-01_IGHJ1-03_45_1.aln.fasta
31,IGHV1-26*01_IGHJ4*01_42_1,23,m31,biopsy_YFP,IGHV1-26-01_IGHJ4-01_42_1,/home/hieunguyen/CRC1382/outdir/molmed_server/mixcr_pipeline_output/data_analysis/05_output/CDR3_0.15/m31/biopsy_YFP_MIDs/m31_biopsy_YFP_IGHV1-26-01_IGHJ4-01_42_1.aln.fasta
232,IGHV1-47*01_IGHJ2*01_45_1,24,m31,biopsy_YFP,IGHV1-47-01_IGHJ2-01_45_1,/home/hieunguyen/CRC1382/outdir/molmed_server/mixcr_pipeline_output/data_analysis/05_output/CDR3_0.15/m31/biopsy_YFP_MIDs/m31_biopsy_YFP_IGHV1-47-01_IGHJ2-01_45_1.aln.fasta
55,IGHV5-16*01_IGHJ1*03_39_1,25,m31,biopsy_YFP,IGHV5-16-01_IGHJ1-03_39_1,/home/hieunguyen/CRC1382/outdir/molmed_server/mixcr_pipeline_output/data_analysis/05_output/CDR3_0.15/m31/biopsy_YFP_MIDs/m31_biopsy_YFP_IGHV5-16-01_IGHJ1-03_39_1.aln.fasta
38,IGHV1-26*01_IGHJ1*03_48_3,25,m31,biopsy_YFP,IGHV1-26-01_IGHJ1-03_48_3,/home/hieunguyen/CRC1382/outdir/molmed_server/mixcr_pipeline_output/data_analysis/05_output/CDR3_0.15/m31/biopsy_YFP_MIDs/m31_biopsy_YFP_IGHV1-26-01_IGHJ1-03_48_3.aln.fasta
32,IGHV1-26*01_IGHJ4*01_42_2,26,m31,biopsy_YFP,IGHV1-26-01_IGHJ4-01_42_2,/home/hieunguyen/CRC1382/outdir/molmed_server/mixcr_pipeline_output/data_analysis/05_output/CDR3_0.15/m31/biopsy_YFP_MIDs/m31_biopsy_YFP_IGHV1-26-01_IGHJ4-01_42_2.aln.fasta
121,IGHV1-80*01_IGHJ3*01_39_2,27,m31,biopsy_YFP,IGHV1-80-01_IGHJ3-01_39_2,/home/hieunguyen/CRC1382/outdir/molmed_server/mixcr_pipeline_output/data_analysis/05_output/CDR3_0.15/m31/biopsy_YFP_MIDs/m31_biopsy_YFP_IGHV1-80-01_IGHJ3-01_39_2.aln.fasta
91,IGHV1-55*01_IGHJ3*01_42_1,27,m31,biopsy_YFP,IGHV1-55-01_IGHJ3-01_42_1,/home/hieunguyen/CRC1382/outdir/molmed_server/mixcr_pipeline_output/data_analysis/05_output/CDR3_0.15/m31/biopsy_YFP_MIDs/m31_biopsy_YFP_IGHV1-55-01_IGHJ3-01_42_1.aln.fasta
65,IGHV1-59*01_IGHJ3*01_36_2,27,m31,biopsy_YFP,IGHV1-59-01_IGHJ3-01_36_2,/home/hieunguyen/CRC1382/outdir/molmed_server/mixcr_pipeline_output/data_analysis/05_output/CDR3_0.15/m31/biopsy_YFP_MIDs/m31_biopsy_YFP_IGHV1-59-01_IGHJ3-01_36_2.aln.fasta
98,IGHV2-9_IGHJ4*01_63_1,28,m31,biopsy_YFP,IGHV2-9_IGHJ4-01_63_1,/home/hieunguyen/CRC1382/outdir/molmed_server/mixcr_pipeline_output/data_analysis/05_output/CDR3_0.15/m31/biopsy_YFP_MIDs/m31_biopsy_YFP_IGHV2-9_IGHJ4-01_63_1.aln.fasta
21,IGHV1-75*01_IGHJ1*01_48_1,30,m31,biopsy_YFP,IGHV1-75-01_IGHJ1-01_48_1,/home/hieunguyen/CRC1382/outdir/molmed_server/mixcr_pipeline_output/data_analysis/05_output/CDR3_0.15/m31/biopsy_YFP_MIDs/m31_biopsy_YFP_IGHV1-75-01_IGHJ1-01_48_1.aln.fasta
39,IGHV1-19*01_IGHJ3*01_36_1,30,m31,biopsy_YFP,IGHV1-19-01_IGHJ3-01_36_1,/home/hieunguyen/CRC1382/outdir/molmed_server/mixcr_pipeline_output/data_analysis/05_output/CDR3_0.15/m31/biopsy_YFP_MIDs/m31_biopsy_YFP_IGHV1-19-01_IGHJ3-01_36_1.aln.fasta
71,IGHV3-6*01_IGHJ3*01_33_2,30,m31,biopsy_YFP,IGHV3-6-01_IGHJ3-01_33_2,/home/hieunguyen/CRC1382/outdir/molmed_server/mixcr_pipeline_output/data_analysis/05_output/CDR3_0.15/m31/biopsy_YFP_MIDs/m31_biopsy_YFP_IGHV3-6-01_IGHJ3-01_33_2.aln.fasta
14,IGHV1-15*01_IGHJ3*01_27_1,31,m31,biopsy_YFP,IGHV1-15-01_IGHJ3-01_27_1,/home/hieunguyen/CRC1382/outdir/molmed_server/mixcr_pipeline_output/data_analysis/05_output/CDR3_0.15/m31/biopsy_YFP_MIDs/m31_biopsy_YFP_IGHV1-15-01_IGHJ3-01_27_1.aln.fasta
46,IGHV10-3*01_IGHJ3*01_33_1,31,m31,biopsy_YFP,IGHV10-3-01_IGHJ3-01_33_1,/home/hieunguyen/CRC1382/outdir/molmed_server/mixcr_pipeline_output/data_analysis/05_output/CDR3_0.15/m31/biopsy_YFP_MIDs/m31_biopsy_YFP_IGHV10-3-01_IGHJ3-01_33_1.aln.fasta
40,IGHV1-19*01_IGHJ3*01_36_2,33,m31,biopsy_YFP,IGHV1-19-01_IGHJ3-01_36_2,/home/hieunguyen/CRC1382/outdir/molmed_server/mixcr_pipeline_output/data_analysis/05_output/CDR3_0.15/m31/biopsy_YFP_MIDs/m31_biopsy_YFP_IGHV1-19-01_IGHJ3-01_36_2.aln.fasta
29,IGHV1-75*01_IGHJ1*03_48_1,34,m31,biopsy_YFP,IGHV1-75-01_IGHJ1-03_48_1,/home/hieunguyen/CRC1382/outdir/molmed_server/mixcr_pipeline_output/data_analysis/05_output/CDR3_0.15/m31/biopsy_YFP_MIDs/m31_biopsy_YFP_IGHV1-75-01_IGHJ1-03_48_1.aln.fasta
148,IGHV3-8*01_IGHJ2*02_45_1,34,m31,biopsy_YFP,IGHV3-8-01_IGHJ2-02_45_1,/home/hieunguyen/CRC1382/outdir/molmed_server/mixcr_pipeline_output/data_analysis/05_output/CDR3_0.15/m31/biopsy_YFP_MIDs/m31_biopsy_YFP_IGHV3-8-01_IGHJ2-02_45_1.aln.fasta
69,IGHV1-76*01_IGHJ4*01_51_1,34,m31,biopsy_YFP,IGHV1-76-01_IGHJ4-01_51_1,/home/hieunguyen/CRC1382/outdir/molmed_server/mixcr_pipeline_output/data_analysis/05_output/CDR3_0.15/m31/biopsy_YFP_MIDs/m31_biopsy_YFP_IGHV1-76-01_IGHJ4-01_51_1.aln.fasta
147,IGHV1-80*01_IGHJ2*01_30_1,37,m31,biopsy_YFP,IGHV1-80-01_IGHJ2-01_30_1,/home/hieunguyen/CRC1382/outdir/molmed_server/mixcr_pipeline_output/data_analysis/05_output/CDR3_0.15/m31/biopsy_YFP_MIDs/m31_biopsy_YFP_IGHV1-80-01_IGHJ2-01_30_1.aln.fasta
25,IGHV1-9*01_IGHJ2*01_42_1,39,m31,biopsy_YFP,IGHV1-9-01_IGHJ2-01_42_1,/home/hieunguyen/CRC1382/outdir/molmed_server/mixcr_pipeline_output/data_analysis/05_output/CDR3_0.15/m31/biopsy_YFP_MIDs/m31_biopsy_YFP_IGHV1-9-01_IGHJ2-01_42_1.aln.fasta
9,IGHV1-64*01_IGHJ4*01_48_1,39,m31,biopsy_YFP,IGHV1-64-01_IGHJ4-01_48_1,/home/hieunguyen/CRC1382/outdir/molmed_server/mixcr_pipeline_output/data_analysis/05_output/CDR3_0.15/m31/biopsy_YFP_MIDs/m31_biopsy_YFP_IGHV1-64-01_IGHJ4-01_48_1.aln.fasta
59,IGHV1-66*01_IGHJ4*01_42_1,42,m31,biopsy_YFP,IGHV1-66-01_IGHJ4-01_42_1,/home/hieunguyen/CRC1382/outdir/molmed_server/mixcr_pipeline_output/data_analysis/05_output/CDR3_0.15/m31/biopsy_YFP_MIDs/m31_biopsy_YFP_IGHV1-66-01_IGHJ4-01_42_1.aln.fasta
99,IGHV1-26*01_IGHJ2*01_33_1,43,m31,biopsy_YFP,IGHV1-26-01_IGHJ2-01_33_1,/home/hieunguyen/CRC1382/outdir/molmed_server/mixcr_pipeline_output/data_analysis/05_output/CDR3_0.15/m31/biopsy_YFP_MIDs/m31_biopsy_YFP_IGHV1-26-01_IGHJ2-01_33_1.aln.fasta
115,IGHV6-3*01_IGHJ4*01_48_1,43,m31,biopsy_YFP,IGHV6-3-01_IGHJ4-01_48_1,/home/hieunguyen/CRC1382/outdir/molmed_server/mixcr_pipeline_output/data_analysis/05_output/CDR3_0.15/m31/biopsy_YFP_MIDs/m31_biopsy_YFP_IGHV6-3-01_IGHJ4-01_48_1.aln.fasta
15,IGHV1-76*01_IGHJ2*01_27_1,53,m31,biopsy_YFP,IGHV1-76-01_IGHJ2-01_27_1,/home/hieunguyen/CRC1382/outdir/molmed_server/mixcr_pipeline_output/data_analysis/05_output/CDR3_0.15/m31/biopsy_YFP_MIDs/m31_biopsy_YFP_IGHV1-76-01_IGHJ2-01_27_1.aln.fasta
56,IGHV1-22*01_IGHJ4*01_45_1,63,m31,biopsy_YFP,IGHV1-22-01_IGHJ4-01_45_1,/home/hieunguyen/CRC1382/outdir/molmed_server/mixcr_pipeline_output/data_analysis/05_output/CDR3_0.15/m31/biopsy_YFP_MIDs/m31_biopsy_YFP_IGHV1-22-01_IGHJ4-01_45_1.aln.fasta
75,IGHV1-26*01_IGHJ1*03_54_1,65,m31,biopsy_YFP,IGHV1-26-01_IGHJ1-03_54_1,/home/hieunguyen/CRC1382/outdir/molmed_server/mixcr_pipeline_output/data_analysis/05_output/CDR3_0.15/m31/biopsy_YFP_MIDs/m31_biopsy_YFP_IGHV1-26-01_IGHJ1-03_54_1.aln.fasta
42,IGHV1-64*01_IGHJ2*01_42_1,75,m31,biopsy_YFP,IGHV1-64-01_IGHJ2-01_42_1,/home/hieunguyen/CRC1382/outdir/molmed_server/mixcr_pipeline_output/data_analysis/05_output/CDR3_0.15/m31/biopsy_YFP_MIDs/m31_biopsy_YFP_IGHV1-64-01_IGHJ2-01_42_1.aln.fasta
27,IGHV9-2*01_IGHJ1*03_42_1,78,m31,biopsy_YFP,IGHV9-2-01_IGHJ1-03_42_1,/home/hieunguyen/CRC1382/outdir/molmed_server/mixcr_pipeline_output/data_analysis/05_output/CDR3_0.15/m31/biopsy_YFP_MIDs/m31_biopsy_YFP_IGHV9-2-01_IGHJ1-03_42_1.aln.fasta
34,IGHV1-72*01_IGHJ4*01_36_1,78,m31,biopsy_YFP,IGHV1-72-01_IGHJ4-01_36_1,/home/hieunguyen/CRC1382/outdir/molmed_server/mixcr_pipeline_output/data_analysis/05_output/CDR3_0.15/m31/biopsy_YFP_MIDs/m31_biopsy_YFP_IGHV1-72-01_IGHJ4-01_36_1.aln.fasta
73,IGHV1-72*01_IGHJ4*01_57_2,78,m31,biopsy_YFP,IGHV1-72-01_IGHJ4-01_57_2,/home/hieunguyen/CRC1382/outdir/molmed_server/mixcr_pipeline_output/data_analysis/05_output/CDR3_0.15/m31/biopsy_YFP_MIDs/m31_biopsy_YFP_IGHV1-72-01_IGHJ4-01_57_2.aln.fasta
26,IGHV1-9*01_IGHJ2*01_42_2,95,m31,biopsy_YFP,IGHV1-9-01_IGHJ2-01_42_2,/home/hieunguyen/CRC1382/outdir/molmed_server/mixcr_pipeline_output/data_analysis/05_output/CDR3_0.15/m31/biopsy_YFP_MIDs/m31_biopsy_YFP_IGHV1-9-01_IGHJ2-01_42_2.aln.fasta
48,IGHV1-72*01_IGHJ3*01_27_1,95,m31,biopsy_YFP,IGHV1-72-01_IGHJ3-01_27_1,/home/hieunguyen/CRC1382/outdir/molmed_server/mixcr_pipeline_output/data_analysis/05_output/CDR3_0.15/m31/biopsy_YFP_MIDs/m31_biopsy_YFP_IGHV1-72-01_IGHJ3-01_27_1.aln.fasta
37,IGHV1-26*01_IGHJ1*03_48_2,113,m31,biopsy_YFP,IGHV1-26-01_IGHJ1-03_48_2,/home/hieunguyen/CRC1382/outdir/molmed_server/mixcr_pipeline_output/data_analysis/05_output/CDR3_0.15/m31/biopsy_YFP_MIDs/m31_biopsy_YFP_IGHV1-26-01_IGHJ1-03_48_2.aln.fasta
36,IGHV1-26*01_IGHJ1*03_48_1,114,m31,biopsy_YFP,IGHV1-26-01_IGHJ1-03_48_1,/home/hieunguyen/CRC1382/outdir/molmed_server/mixcr_pipeline_output/data_analysis/05_output/CDR3_0.15/m31/biopsy_YFP_MIDs/m31_biopsy_YFP_IGHV1-26-01_IGHJ1-03_48_1.aln.fasta
10,IGHV1-64*01_IGHJ4*01_48_2,116,m31,biopsy_YFP,IGHV1-64-01_IGHJ4-01_48_2,/home/hieunguyen/CRC1382/outdir/molmed_server/mixcr_pipeline_output/data_analysis/05_output/CDR3_0.15/m31/biopsy_YFP_MIDs/m31_biopsy_YFP_IGHV1-64-01_IGHJ4-01_48_2.aln.fasta
6,IGHV1-81*01_IGHJ2*01_36_1,119,m31,biopsy_YFP,IGHV1-81-01_IGHJ2-01_36_1,/home/hieunguyen/CRC1382/outdir/molmed_server/mixcr_pipeline_output/data_analysis/05_output/CDR3_0.15/m31/biopsy_YFP_MIDs/m31_biopsy_YFP_IGHV1-81-01_IGHJ2-01_36_1.aln.fasta
82,IGHV1-9*01_IGHJ1*03_42_1,140,m31,biopsy_YFP,IGHV1-9-01_IGHJ1-03_42_1,/home/hieunguyen/CRC1382/outdir/molmed_server/mixcr_pipeline_output/data_analysis/05_output/CDR3_0.15/m31/biopsy_YFP_MIDs/m31_biopsy_YFP_IGHV1-9-01_IGHJ1-03_42_1.aln.fasta
11,IGHV1-15*01_IGHJ2*01_36_1,395,m31,biopsy_YFP,IGHV1-15-01_IGHJ2-01_36_1,/home/hieunguyen/CRC1382/outdir/molmed_server/mixcr_pipeline_output/data_analysis/05_output/CDR3_0.15/m31/biopsy_YFP_MIDs/m31_biopsy_YFP_IGHV1-15-01_IGHJ2-01_36_1.aln.fasta
