GL,[]
seq1,CAGGTCCAACTGCAGCAGCCTGGGGCTGAGCTTGTGAAGCCTGGGGCTTCAGTGAAGCTGTCCTGCAAGGCTTCTGGCCACACCTTCACCAGTCACTGGATGCAGTGGGTAAAACAGAGGCCTGGACAGGGCCTTGAGTGGATCGGAGAGATTGATCCTTCTGATACCTATGTTAACTACAATCAAAAG-TTCAAGGGCAAGGCCACATTGACTGTAGACACATCCTCCAGCACAGCCTACATGCTACTCAGCAGCCTGACATCTGAGGACTCTGCGGTCTATTACTGTGCAAGAGGTGAACAACTGGTCTGGTTTGCTTACTGGGGCCAAGGG--------------------------ACTCTGGTCACTGTCTCTGCAG
seq2,CAGGTCCAACTGCAGCAGCCTGGGGCTGAGCTTGTGAAGCCTGGGGCTTCAGTGAAGCTGTCCTGCAAGGCTTCTGGCCACACCTTCACCAGTCACTGGATGCAGTGGGTAAAACAGAGGCCTGGACAGGGCCTTGAGTGGATCGGAGAGATTGATCCTTCTGATACCTATGTTAACTACAATCAAAAG-TTCAAGGGCAAGGCCACATTGACTGTAGACACATCCTCCAGCACAGCCTACATGCTACTCAGCAGCCTGACATCTGAGGACTCTGCGGTCTACTACTGTGCAAGAGGTGAACAACTGGTCTGGTTTGCTTACTGGGGCCAAGGG--------------------------ACTCTGGTCACTGTCTCTGCAG
seq3,CAGGTCCAACTGCAGCAGCCTGGGGCTGAGCTTGTGAAGCCTGGGGCTTCAGTGAAGCTGTCCTGCAAGGCTTCTGGCCACACCTTCACCAGTCACTGGATGCAGTGGGTAAAACAGAGGCCTGGACAGGGCCTTGAGTGGATCGGAGAGATTGATCCTTCTGATACCTATGTTAACTACAATCAAAAG-TTCAAGGGCAAGGCCACATTGACTGTAGACACATCCTCCAGCACAGCCTACATGCTACTCAGCAGCCTGACATCTGAGGACTCTGCGGTCTATTACTGTGCAAAAGGTGAACAACTGGTCTGGTTTGCTTACTGGGGCCAAGGG--------------------------ACTCTGGTCACTGTCTCTGCAG
seq4,CAGGTCCAACTGCAGCAGCCTGGGGCTGAGCTTGTGAAGCCTGGGGCTTCAGTGAAGCTGTCCTGCAAGGCTTCTGGCCACACCTTCACCGGTCACTGGATGCAGTGGGTAAAACAGAGGCCTGGACAGGGCCTTGAGTGGATCGGAGAGATTGATCCTTCTGATACCTATGTTAACTACAATCAAAAG-TTCAAGGGCAAGGCCACATTGACTGTAGACACGTCCTCCAGCACAGCCTACATGCTACTCAGCAGCCTGACATCTGAGGACTCTGCGGTCTATTACTGTGCAAGAGGTGAACAACTGGTCTGGTTTGCTTACTGGGGCCAAGGG--------------------------ACTCTGGTCACTGTCTCTGCAG
seq5,CAGGTCCAACTGCAGCAGCCTGGGGCTGAGCTTGTGAAGCCTGGGGCTTCAGTGAAGCTGTCCTGTAAGGCTTCTGGCCACACCTTCACCAGTCACTGGATGCAGTGGGTAAAACAGAGGCCTGGACAGGGCCTTGAGTGGATCGGAGAGATTGATCCTTCTGATACCTATGTTAACTACAATCAAAAG-TTCAAGGGCAAGGCCACATTGACTGTAGACACGTCCTCCAGCACAGCCTACATGCTACTCAGCAGCCTGACATCTGAGGACTCTGCGGTCTATTACTGTGCAAGAGGTGAACAACTGGTCTGGTTTGCTTACTGGGGCCAAGGG--------------------------ACTCTGGTCACTGTCTCTGCAG
seq6,CAGGTCCAACTGCAGCAGCCTGGGGCTGAGCTTGTGAAGCCTGGGGCTTCAGTGAAGCTGTCCTGCAAGGCTTCTGGCCACACCTTCACCAGTCACTGGATGCAGTGGGTAAAACAGAGGCCTGGACAGGGCCTTGAGTGGATCGGAGAGATTGATCCTTCTGATACCTATGTTAACTACAATCAAAAG-TTCAAGGGCAAGGCCACATTGACTGTAGACACGTCCTCCAGCACAGCCTACATGCTACTCAGCAGCCTGACATCTGAGGACTCTGCGGTCTATTACTGTGCAAGAGGTGAACAACTGGTCTGGTTTGCTTACTGGGGCCAAGGG--------------------------ACTCTGGTCACTGTCTCTGCAG
seq7,CAGGTCCAACTGCAGCAGCCTGGGGCTGAACTTGTGAAGCCTGGGGCTTCAGTGAAGCTGTCCTGCAAGGCTTCTGGCCACACCTTCACCAGTCACTGGATGCAGTGGATAAAACAGAGGCCTGGACAGGGCCTTGAGTGGATCGGAGAGATTGATCCTTCTGATACCTATGTTAACTACAATCAAAAG-TTCAAGGGCAAGGCCACATTGACTGTAGACACATCCTCCAGCACAGCCTACATGCTACTCAGCAGCCTGACATCTGAGGACTCTGCGGTCTATTACTGTGCAAGAGGTGAACAACTGGTCTGGTTTGCTTACTGGGGCCAAGGG--------------------------ACTCTGGTCACTGTCTCTGCAG
seq8,CAGGTCCAACTGCAGCAGCCTGGGGCTGAACTTGTGAAGCCTGGGGCTTCAGTGAAGCTGTCCTGCAAGGCTTCTGGCCACACCTTCACCAGTCACTGGATGCAGTGGATAAAACAGAGGCCTGGACAGGGCCTTGAGTGGATCGGAGAGATTGATCCTTCTGATACCTATGTTAACTACAATCAAAAG-TTCAAGGGCAAGGCCACATTGACTGTAGACACATCCTCCAGCACAGCCTACATGCTACTCAGCAGCCTGATATCTGAGGACTCTGCGGTCTATTACTGTGCAAGAGGTGAACAACTGGTCTGGTTTGCTTACTGGGGCCAAGGG--------------------------ACTCTGGTCACTGTCTCTGCAG
seq9,CAGGTCCAACTGCAGCAGCCTGGGGCTGAACTTGTGAAGCCTGGGGCTTCAGTGAAGCTGTCCTGCAAGGCTTCTGGCCACACCTTCACCAGTCACTGGATGCAGTGGGTAAAACAGAGGCCTGGACAGGGCCTTGAGTGGATCGGAGAGATTGATCCTTCTGATACCTATGTTAACTACAATCAAAAG-TTCAAGGGCAAGGCCACATTGACTGTAGACACATCCTCCAGCACAGCCTACATGCTACTCAGCAGCCTGACATCTGAGGACTCTGCGGTCTATTACTGTGCAAGAGGTGAACAACTGGTCTGGTTTGCTTACTGGGGCCAAGGG--------------------------ACTCTGGTCACTGTCTCTGCAG
seq10,CAGGTCCAACTGCAGCAGCCTGGGGCTGAGCTTGTGAAGCCTGGGGCTTCAGTGAAGCTGTCCTGCAAGGCTTCTGGCCACACCTTCACCAGCCACTGGATACAGTGGGTAAAATGGAGGCCTGGACAGGGCCTTGAGTGGATCGGAGAGATTGATCCTTCTGATACCTATATTAACTACAATCAAAAG-TTCAAGGGCAAGGCCACATTGACTGTTGACACATCCTCCAGCACAGCCTACATGCACCTCAGCAGCCTGACATCTGAGGACTCTGCGGTCTATTACTGTGCAAGAGGTGAACAACTGGTCTGGTTTGCTTACTGGGGCCAAGGG--------------------------ACTCTGGTCACTGTCTCTGCGG
seq11,CAGGTCCAACTGCAGCAGCCTGGGGCTGAGCTTGTGAAGCCTGGGGCTTCAGTGAAGCTGTCCTGCAAGGCTTCTGGCCACACCTTCACCAGCCACTGGATGCAGTGGGTAAAACAGAGGCCTGGACAGGGCCTTGAGTGGATCGGAGAGATTGATCCTTCTGATACCTATATTAACTACAATCAAAAG-TTCAAGGGCAAGGCCACATTGACTGTAGACACATCCTCCAGCACAGCCTACATGCAGCTCAGCAGCCTGACATCTGAGGACTCTGCGGTCTATTACTGTGCAAGAGGTGAACAACTGGTCTGGTTTGCTTACTGGGGCCAAGGG--------------------------ACTCTGGTCACTGTCTCTGCAG
seq12,CAGGTCCAACTGCAGCAGCCTGGGGCTGAGCTTGTGAAGCCTGGGGCTTCAGTGAAGCTGTCCTGCAAGGCTTCTGGCCACACCTTCACCAGCCACTGGATGCAGTGAGTAAAACAGAGGCCTGGACAGGGCCTTGAGTGGATCGGAGAGATTGATCCTTCTGATACCTATATTAACTACAATCAAAAG-TTCAAGGGCAAGGCCACATTGACTGTAGACACATCCTCCAGCACAGCCTACATGCAGCTCAGCAGCCTGACATCTGAGGACTCTGCGGTCTATTACTGTGCAAGAGGTGAACAACTGGTCTGGTTTGCTTACTGGGGCCAAGGG--------------------------ACTCTGGTCACTGTCTCTGCAG
seq13,CAGGTCCAACTGCAGCAGCCTGGGGCTGAGCTTGTGAAGCCTGGGGCTTCAGTGAAGCTGTCCTGCAAGGCTTCTGGCCACACCTTCACCAGCCACTGGATGCAGTGGGTAAAACAGAGGCCTGGACAGGGCCTTGAGTGGATCGGAGAGATTGATCCTTCTGATACCTATATTAACTACAATCAAAAG-TTCAAGGGCAAGGCCACATTGACTGTAGACACATCCTCCAGCACAGCCTACATGCAGCTCAGCAGCCTGACATCTGAGGACTCTGCGGTCTATTACTGTGCAAGAGGTGAACAACCGGTCTGGTTTGCTTACTGGGGCCAAGGG--------------------------ACTCTGGTCACTGTCTCTGCAG
seq14,CAGGTCCAACTGCAGCAGCCTGGGGCTGAGCTTGTGAAGCCTGGGGCTTCAGTGAAGCTGTCCTGCAAGGCTTCTGGCTACACCTTCACCAGCCACTGGATGCAGTGGGTAAAACAGAGGCCTGGACAGGGCCTTGAGTGGATCGGAGAGATTGATCCTTCTGATACCTATATTAACTACAATCAAAAA-TTCAAGGGCAAGGCCACATTGACTGTAGACACATCCTCCAGCACAGCCTACATGCAGCTCAGCAGCCTGACATCTGAGGACTCTGCGGTCTATTACTGTGCAAGAGGTGAACAACTGGTCTGGTTTGCTTACTGGGGCCAAGGG--------------------------ACTCTGGTCACTGTCTCTGCAG
seq15,CAGGTCCAACTGCAGCAGCCTGGGGCTGAGCTTGTGAAGCCTGGGGCTTCAGTGAAGCTGTCCTGCAAGGCTTCTGGCTACACCTTCACCAGCCACTGGATGCAGTGGGTAAAACAGAGGCCTGGACAGGGCCTTGAGTGGATCGGAGAGATTGATCCTTCTGATACCTATATTAACTACAATCAAAAAATTCAAGGGCAAGGCCACATTGACTGTAGACACATCCTCCAGCACAGCCTACATGCAGCTCAGCAGCCTGACATCTGAGGACTCTGCGGTCTATTACTGTGCAAGAGGTGAACAACTGGTCTGGTTTGCTTACTGGGGCCAAGGG--------------------------ACTCTGGTCACTGTCTCTGCAG
seq16,CAGGTCCAACTGCAGCAGCCTGGGGCTGAGCTTGTGAAGCCTGGGGCTTCAGTGAAGCTGTCCTGCAAGGCTTCTGGCTGCACCTCCACCAGTCACTGGATGCAGTGGGTAAGACAGAGGCCTGGACAGGGCCTTGAGTGGATCGGAGAGATTGATCCTTCTGATACCTATACTAACTACAATCAAAAG-TTCAAGGGCAAGGCCACATTGACTGTAGACACATCCTCCAGCACAGCCTACATGCAGCTCAGCAGCCTGACATCTGAGGACTCTGCGGTCTATTACTGTGCAAGAGGTGAACAACTGGTCTGGTTTGCTTACTGGGGCCAAGGG--------------------------ACTCTGGTCACTGTCTCTGCAG
seq17,CAGGTCCAACTGCAGCAGCCTGGGGATGAGCTTGTGAAGCCTGGGGCTTCAGTGAAGCTGTCCTGCAAGGCTTCTGGCTGCACCTTCACCAGTCACTGGATGCAGTGGGTAAGACAGAGGCCTGGACAGGGCCTTGAGTGGATCGGAGAGATTGATCCTTCTGATACCTATACTAACTACAATCAAAAG-TTCAAGGGCAAGGCCACATTGACTGTAGACACATCCTCCAGCACAGCCTACATGCAGCTCAGCAGCCTGACATCTGAGGACTCTGCGGTCTATTACTGTGCAAGAGGTGAACAACTGGTCTGGTTTGCTTACTGGGGCCAAGGG--------------------------ACTCTGGTCACTGTCTCTGCAG
seq18,CAGGTCCAACTGCAGCAGCCTGGGGCTGAGCTTGTGAAGCCTGGGGCTTCAGTGAAGCTGTCCTGCAAGGCTTCTGGCTGCACCTTCACCAGTCACTGGATGCAGTGGGTAAGACAGAGGCCTGGACAGGGCCTTGAGTGGATCGGAGAGATTGATCCTTCTGATACCTATACTAACTACAATCAAAAG-TTCAAGGGCAAGGCCACATTGACTGTAGACACATCCTCCAGCACAGCCTACATGCAGCTCAGCAGCCTGACATCTGAGGACTCTGCGGTCTATTACTGTGCAAGAGGTGAACAACTGGTCTGGTTTGCTTACTGGGGCCAAGGG--------------------------ACTCTGGTCACTGTCTCTGCAG
seq19,CAGGTCCAACTGCAGCAGCCTGGGGCTGAGCTTGTGAAGCCTGGGGCTTCAGTGAAGCTGTCCTGCAAGGCTTCTGGCTGCACCTTCACCAGTCACTGGATGCAGTGGCTGAGACAGAGGCCTGGACAGGGCCTTGAGTGGATCGGAGAGCTTGATCCTTCTGATACCTATACTAACTACAATCAAAAG-TTCAAGGGCAAGGCCACATTGACTGTAGACACATCCTCCAGCACAGCCTACATGCAGCTCAGCAGCCTGACATCTGAGGACTCTGCGGTCTATTACTGTGCAAGAGGTGAACAACTGGTCTGGTTTGCTTACTGGGGCCAGGGG--------------------------ACTCTGGTCACTGTCTCTGCAG
seq20,CAGGTCCAACTGCAGCAGCCTGGGGCTGAGCTTGTGAAGCCTGGGGCTTCAGTGAAGCTGTCCTGCAAGGCTTCTGGCTGCACCTTCACCAGTCACTGGATGCAGTGGCTGAGACAGAGGCCTGGACAGGGCCTTGAGTGGATCGGAGAGCTTGATCCTTCTGATACCTATACTAACTACAATCAAAAG-TTCAAGGGCAAGGCCACATTGACTGTAGACACATCCTCCAGCACAGCCTACATGCAGCTCAGCAGCCTGACATCTGAGGACTCTGCGGTCTATTACTGTGCAAGAGGTGAACAACTGGTCTGGTTTGCTTACTGGGGCCAGGGG--------------------------ACTCTGGCCACTGTCTCTGCAG
seq21,CAGGTCCAACTGCAGCAGCCTGGGGCTGAGCTTGTGAAGCCTGGGGCTTCAGTGAAGCTGTCCTGCAAGGCTTCTGGCTGCACCTTCACCAGTCACTGGATGCAGTGGGTAAGACAGAGGCCTGGACAGGGCCTTGAGTGGATCGGAGAGATTGATCCTTCTGATACCTATACTAACTACAATCAAAAG-TTCAAGGGCAAGGCCACATTGACTGTAGACACATCCTCCAGCACAGCCTACATGCAGCTCAGCAGCCTGACATCTGAGGACTCTGCGGTCTATTACTGTGCAAGAGGTGAACAACTGGTCTGGTTTGCTTACTGGGGCCAGGGG--------------------------ACTCTGGTCACTGTCTCTGCAG
seq22,CAGGTCCAACTGCAGCAGCCTGGGGCTGAGCTTGTGAAGCCTGGGGCTTCAGTGAAGCTGTCCTGCAAGGCTTCTGGCTGCACCTTCACCAGTCACTGGATGCAGTGGATAAGACAGAGGCCTGGACAGGGCCTTGAGTGGATCGGAGAGATTGATCCTTCTGATACCTATACTAACTACAATCAAAAG-TTCAAGGGCAAGGCCACATTGACTGTAGACACATCCTCCAGCACAGCCTACATGCAGCTCAGCAGCCTGACATCTGAGGACTCTGCGGTCTATTACTGTGCAAGAGGTGAACAACTGGTCTGGTTTGCTTACTGGGGCCAAGGG--------------------------ACTCTGGTCACTGTCTCTGCAG
seq23,CAGGTCCAACTGCAGCAGCCTGGGGCTGAGCTTGTGAAGCCTGGGGCCTCAGTGAAGCTGTCCTGCAAGGCTTCTGGCTGCACCTTCACCAGTCACTGGATGCAGTGGATAAGACAGAGGCCTGGACAGGGCCTTGAGTGGATCGGAGAGATTGATCCTTCTGATACCTATACTAACTACAATCAAAAG-TTCAAGGGCAAGGCCACATTGACTGTAGACACATCCTCCAGCACAGCCTACATGCAGCTCAGCAGCCTGACATCTGAGGACTCTGCGGTCTATTACTGTGCAAGAGGTGAACAACTGGTCTGGTTTGCTTACTGGGGCCAAGGG--------------------------ACTCTGGTCACTGTCTCTGCAG
seq24,CAGGTCCAACTGCAGCAGCCTGGGGCTGAGCTTGTGAAGCCTGGGGCTTCAGTGAAGCTGTCCTGCAAGGTTTCTGGCTGCACCTTCACCAGTCACTGGATGCAGTGGATAAGACAGAGGCCTGGACAGGGCCTTGAGTGGATCGGAGAGATTGATCCTTCTGATACCTATACTAACTACAATCAAAAG-TTCAAGGGCAAGGCCACATTGACTGTAGACACATCCTCCAGCACAGCCTACATGCAGCTCAGCAGCCTGACATCTGAGGACTCTGCGGTCTATTACTGTGCAAGAGGTGAATAACTGGTCTGGTTTGCTTACTGGGGCCAAGGG--------------------------ACTCTGGTCACTGTCTCTGCAG
seq25,CAGGTCCAACTGCAGCAGCCTGGGGCTGAGCTTGTGAAGCCTGGGGCTTCAGTGAAACTGTCCTGCAGGGCTTCTGGCTGCACCTTCACCAGCCACTGGATGCAGTGGATAAGACAGAGGCCTGGACAGGGCCTTGAGTGGATAGGAGAGATTGATCCTTCTGATACCTATACTAACTACAATCAAAAG-TTCAAGGGCAAGGCCACATTGACTGTAGACACATCCTCCAGCACAGCCTACATGCAGCTCAGCAGCCTGACATCTGAGGACTCTGCGGTCTATTACTGTGCAAGAGGTGAACAACTGGTCTGGTTTGCTTACTGGGGCCAAGGG--------------------------ACTCTGGTCACTGTCTCTGCAG
seq26,CAGGTCCAACTGCAGCAGCCTGGGGCTGAGCTTGTGAAGCCTGGGGCTTCAGTGAAACTGTCCTGCAGGGCTTCTGGCTGCACCTTCACCAGCCACTGGATGCAGTGGATAAGACAGAGGCCTGGACAGGGCCTTGAGTGGATAGGAGAGATTGATCCTTCTGATACCTATACTAACTACAATCAAAAG-TTCAAGGGCAAGGCCACATTGGCTGTAGACACATCCTCCAGCACAGCCTACATGCAGCTCAGCAGCCTGACATCTGAGGACTCTGCGGTCTATTACTGTGCAAGAGGTGAACAACTGGTCTGGTTTGCTTACTGGGGCCAAGGG--------------------------ACTCTGGTCACTGTCTCTGCAG
seq27,CAGGTCCAACTGCAGCAGCCTGGGGCTGAGCTTGTGAAGCCTGGGGCTTCAGTGAAGCTGTCCTGCAAGGCTTCTGGCTGCACCTTCACCAGCCACTGGATGCAGTGGATAAGACAGAGGCCTGGACAGGGCCTTGAGTGGATCGGAGAGATTGATCCTTCTGATACCTATAGTAACTACAATCAAAAG-TTCAAGGGCAAGGCCACATTGACTGTAGACACATCCTCCAACACAGCCTACATGCAGCTCAGCAGCCTGACATCTGAGGACTCTGCGGTCTATTACTGTGCAAGAGGTGAACAACTGGTCTGGTTTGCTTACTGGGGCCAAGGG--------------------------ACTCTGGTCACTGTCTCTGCAG
seq28,CAGGTCCAACTGCAGCAGCCTGGGGCTGAGCTTGTGAAGCCTGGGGCTTCAGTGAAGCTGTCCTGCAAGGCTTCTGGCTGCACCTTCACCAGTCACTGGATGCAGTGGGTGAGACAGAGGCCTGGACAGGGCCTTGAGTGGATCGGAGAGATTGATCCTTCTGAAACCTATACTAACTACAATCAAAAG-TTCAAGGGCAAGGCCACATTGACTGTAGACACATCTTCCAGCACAGCCTATATGCAGCTCAGCAGCCTGACATCTGAGGACTCTGCGGTCTATTTCTGTGCAAGAGGTGAACAACTGGTCTGGTTTGCTTACTGGGGCCAAGGG--------------------------ACTCTGGTCACTGTCTCTGCAG
seq29,CAGGTCCAACTGCAGCAGCCTGGGGCTGAGCTTGTGAAGCCTGGGGCTTCAGTGAAGCTGTCCTGCAAGGCTTCTGGCTGCACCTTCACCAGTCACTGGATGCAGTGGGTGAGACAGAGGCCTGGACAGGGCCTTGAGTGGATCGGAGAGATTGATCCTTCTGAAACCTATACTAACTACAATCAAA-G-TTCAAGGGCAAGGCCACATTGACTGTAGACACATCTTCCAGCACAGCCTATATGCAGCTCAGCAGCCTGACATCTGAGGACTCTGCGGTCTATTTCTGTGCAAGAGGTGAACAACTGGTCTGGTTTGCTTACTGGGGCCAAGGG--------------------------ACTCTGGTCACTGTCTCTGCAG
seq30,CAGGTCCAACTGCAGCAGCCTGGGGCTGAGCTTGTGAAGCCTGGGGCTTCAGTGAAGCTGTCCTGCAAGGCTTCTGGCTGCACCTTCACCAGTCACTGGATGCAGTGGGTGAGACAGAGGCCTGGACAGGGCCTTGAGTGGATCAGAGAGATTGATCCTTCTGAAACCTATACTAACTACAATCAAAAG-TTCAAGGGCAAGGCCACATTGACTGTAGACACATCTTCCAGCACAGCCTATATGCAGCTCAGCAGCCTGACATCTGAGGACTCTGCGGTCTATTTCTGTGCAAGAGGTGAACAACTGGTCTGGTTTGCTTACTGGGGCCAAGGG--------------------------ACTCTGGTCACTGTCTCTGCAG
seq31,CAGGTCCAATTGCAGCAGCCTGGGGCTGAGCTTGTGAAGCCTGGGGCTTCAGTGAAGCTGTCCTGCAAGGTTTCTGGCTGCTCCTTCACCAGCCACTGGATACAGTGGGTGAGACAGAGGCCTGGACAGGGCCTTGAGTGGATCGGAGAGATTGATCCTTCTAAAACCTATTCTAACTACAATCAGAAG-CTCAAGGGCAAGGCCACATTGACTGTAGACACATCTTCCAGCACAGCCTTTATGCAGCTCAGCAGCCTGACATCTGAGGACTCTGCGGTCTATTTCTGTGCAAGAGGTGAACAACTCGTCTGGTTTGCTTACTGGGGCCAGGGG--------------------------ACTCTGGTCACTGTCTCTGCAG
seq32,CAGGTCCAATTGCAGCAGCCTGGGGCTGAGCTTGTGAAGCCTGGGACTTCAGTGAAGCTGTCCTGCAAGGTTTCTGGCTGCTCCTTCACCAGCCACTGGATACAGTGGGTGAGACAGAGGCCTGGACAGGGCCTTGAGTGGATCGGAGAGATTGATCCTTCTAAAACCTATTCTAACTACAATCAGAAG-CTCAAGGGCAAGGCCACATTGACTGTAGACACATCTTCCAGCACAGCCTTTATGCAGCTCAGCAGCCTGACATCTGAGGACTCTGCGGTCTATTTCTGTGCAAGAGGTGAACAACTCGTCTGGTTTGCTTACTGGGGCCAGGGG--------------------------ACTCTGGTCACTGTCTCTGCAG
seq33,CAGGTCCAACTGCAGCAGCCTGGGGCTGAGGTTGTGAAGCCTGGGGCTTCAGTGAAGCTGTCCTGCAAGGCTTCTGGCTGCTCCTTCACCAGCCACTGGATACAGTGGGTGAGACAGAGGCCTGGACAGGGCCTTGAGTGGATCGGAGAGATTGATCCTTCTAAAACCTATACTAACTACAATCAAGAG-TTCAAGGGCAAGGCCACATTGACTGTAGACACATCTTCCAGCACAGCCTATATGCAGCTCAGCAGCCTGACATCTGAGGACTCTGCGGTCTATTTCTGTGCAAGAGGTGAACAACTGGTCTGGTTTGCTTACTGGGGCCAGGGG--------------------------ACTCTGGTCACTGTCTCTGCAG
seq34,CAGGTCCAACTGCTACAGCCTGGGGCTGAGCTTGTGAAGCCTGGGGCTTCAGTGAAGCTGTCCTGCAAGGCTTCTGGCTACTCCTTCACCAGCCACTGGATACAGTGGGTGAGACAGAGGCCTGGACAGGGCCTTGAGTGGATCGGAGAGATTGATCCTTCTAAAACCTATACTAACTACAATCAAAAG-TTCAAGGGCAAGGCCACATTGACTGTAGACACATCTTCCAGCACAGCCTATATGCAGCTCAGCAGCCTGACATCTGAGGACTCTGCGGTCTATTTCTGTGCAAGAGGTGAACAACTGGTCTGGTTTGCTTACTGGGGCCAGGGG--------------------------ACTCTGGTCACTGTCTCTGCAG
seq35,CAGGTCCAACTGCAGCAGCCTGGGGCTGAGCTTGTGAAGCCTGGGGCTTCAGTGAAGCTGTCCTGCAAGGCTTCTGGCTGCACCTTCACCAGCCACTGGATACAGTGGGTGAGACAGAGGCCTGGACAGGGCCTTGAGTGGATCGGAGAGATTGATCCTTCTGAAACCTATACTAACTACAATCAAAAG-TTCAAGGGCAAGGCCACATTGACTGTAGACACATCTTCCAGCACAGCCTATATGCAGCTCAGCAGCCTGACATCTGAGGACTCTGCGGTCTATTTCTGTGCAAGAGGTGAACAACTGGTCTGGTTTGCTTACTGGGGCCAAGGG--------------------------ACTCTGGTCACTGTCTCTGCAG
seq36,CAGGTCCAACTGCAGCAGCCTGGGGCTGAGCTTGTGAAGCCTGGGGCTTCAGTGAAACTGTCCTGCAAGGCTTCTGGCTGCACCTTCACCAGCCACTGGATGCAGTGGGTGAGACAGAGGCCTGGACAGGGCCTTGAATGGATCGGAGAGATTGATCCTTCTGAAACCTATACTAACTACAATCAAAAG-TTCAAGGGCAAGGCCACATTGACTGTTGACACATCTTCCAGCACAGCCTATATGCAGCTCAGCAGCCTGACATCTGAGGACTCTGCGGTCTATTTCTGTGCAAGAGGTGAACAACTGGTCTGGTTTGCTTACTGGGGCCAAGGG--------------------------ACTCTGGTCACTGTCTCTGCAG
seq37,CAGGTCCAACTGCAGCAGCCTGGGGCTGAGCTTGTGAAGCCTGGGGCTTCAGTGAAACTGTCCTGCAAGGCTTCTGGCTGCACCTTCACCAGCCACTGGATGCAGTGGGTGAGACAGAGGCCTGGACAGGGCCTTGAATGGATCGGAGAGATTGATCCTTCCGAAACCTATACTAACTACAATCAAAAG-TTCAAGGGCAAGGCCACATTGACTGTTGACACATCTTCCAGCACAGCCTATATGCAGCTCAGCAGCCTGACATCTGAGGACTCTGCGGTCTATTTCTGTGCAAGAGGTGAACAACTGGTCTGGTTTGCTTACTGGGGCCAAGGG--------------------------ACTCTGGTCACTGTCTCTGCAG
seq38,CAGGTCCAACTGCAGCAGCCTGGGGCTGAGCTTGTGAAGCCTGGGGCTTCAGTGAAACTGTCCTGCAAGGCTTCTGGCTGCACCTTCACCAGCCACTGGATGCAGTGGGTGAGACAGAGGCCTGGACAGGGCCTTGAATGGATCGGAGAGATTGATCCTTCTGAAACCTATACTAACTACAATCAAAAG-TTCAAGGGCAAGGCCACATTGACTGTAGACACATCTTCCAGCACAGCCTATATGCAGCTCAGCAGCCTGACATCTGAGGACTCTGCGGTCTATTTCTGTGCAAGAGGTGAACAACTGGTCTGGTTTGCTTACTGGGGCCAAGGG--------------------------ACTCTGGTCACTGTCTCTGCAG
seq39,CAGGTCCAACTGCAGCAGCCTGGGGCTGAGCTTGTGAAGCCTGGGGCTTCAGTGAAACTGTCCTGCAAGGCTTCTGGCTGCACCTTCACCAGCCACTGGATGCAGTGGGTGAGACAGAGGCCTGGACAGGGCCTTGAGTGGATCGGAGAGATTGATCCTTCTGAAACCTATACTAACTACAATCAAAAG-TTCAAGGGCAAGGCCACATTGACTGTAGACACTTCTTCCAGCACAGCCTATATGCAGCTCAGCAGCCTGACATCTGAGGACTCTGCGGTCTATTTCTGTGCAAGAGGTGAACAACTGGTCTGGTTTGCTTACTGGGGCCAGGGG--------------------------ACTCTGGTCACTGTCTCTGCAG
seq40,CAGGTCCAACTGCAGCAGCCTGGGGCTGAGCTTGTGAAGCCTGGGGCTTCAGTGAAGCTGTCCTGCAAGGCTTCTGGCTGCACCTTCACCAGCCACTGGATGCAGTGGTTAAGACAGAGGCCTGGACAGGGCCTTGAGTGGATCGGCGAGATTGATCCTTCTGATACCTATACTAAGTACAATCAAAAG-TTTAAGGGCAAGGCCACATTGACTGTAGACACTTCCTCCAGCACAGCCTACATGCACCTCAGCAGCCTGACATCTGAGGACTCTGCGGTCTATTTCTGTGCAAGAGGTGAACAACTGGTCTGGTTTGCTTACTGGGGCCAAGGG--------------------------ACTCTGGTCACTGTCTCTGCAG
seq41,CAGGTCCAACTGCAGCAGCCTGGGGCTGAGCTTGTGAAGCCTGGGGCTTCAGTGAAGCTGTCCTGCAAGGTTTCTGGCTGCACCTTCACCAGCCACTGGATGCAGTGGTTAAGACAGAGGCCTGGACAGGGCCTTGAGTGGATCGGCGAGATTGATCCTTCTGATACCTATACTAAGTACAATCAAAAG-TTTAAGGGCAAGGCCACATTGACTGTAGACACTTCCTCCAGCACAGCCTACATGCACCTCAGCAGCCTGACATCTGAGGACTCTGCGGTCTATTTCTGTGCAAGAGGTGAACAACTGGTCTGGTTTGCTTACTGGGGCCAAGGG--------------------------ACTCTGGTCACTGTCTCTGCAG
seq42,CAGGTCCAACTGCAGCAGCCTGGGGCTGAGCTTGTGAAGCCTGGGGCTTCAGTGAAGCTGTCCTGCAAGGCTTCTGGCTGCACCTTCACCAGCCACTGGATGCAGTGGGTAAGACAGAGGCCTGGACAGGGCCTTGAGTGGATCGGAGAGATTGATCCTTCTGATACCTATACTAACTACAATCAAAAG-TTCAAGGGCAAGGCCACATTGACTGTAGACACATCCTCCAGCACAGCCTACATGCAGCTCAGCAGCCTGACATCTGAGGACTCTGCGGTCTATTACTGTGCAAGAGGTGAACAACTGGTCTGGTTTGCTTACTGGGGCCAAGGG--------------------------ACTCTGGTCACTGTCTCTGCAG
seq43,CAGGTCCAACTGCAGCAGCCTGGGGCTGAGCTTGTGAAGCCTGGGGCTTCAGTGAAGCTGTCCTGCAAGGCTTCTGGCTGCACCTTCACCAGCCACTGGATGCAGTGGGTAAGACAGAGGCCTGGACAGGGCCTTGAGTGGATCGGAGAGATTGATCCTTCTGATACCTATACTAGCTACAGTCAAAAG-TTCAAGGGCAAGGCCACATTGACTGTAGACACATCCTCCAGCACAGCCTACATGCAGCTCAGCAGCCTGACATCTGAGGACTCTGCGGTCTATTACTGTGCAAGAGGTGAACAACTGGTCTGGTTTGCTTACTGGGGCCAAGGG--------------------------ACTCTGGTCACTGTCTCTGCAG
seq44,CAGGTCCAACTGCAGCAGCCTGGGGCTGAGCTTGTGAAGCCTGGGGCTTCAGTGATGCTGTCCTGCAAGGCTTCTGGCTGCACCTTCACCAGCCACTGGATGCAGTGGGTAAGACAGAGGCCTGGACAGGGCCTTGAGTGGATCGGAGAGATTGATCCTTCTGATACCTATATTAACTATAATCAAAAG-TTCAAGGGCAAGGCCACATTGACTGTAGACACATCCTCCAGCACAGCCTACATGCAGCTCAGCAGCCTGACATCTGAGGACTCTGCGGTCTATTACTGTGCAAGAGGTGAACAACTGGTCTGGTTTGCTTACTGGGGCCAAGGG--------------------------ACTCTGGTCACTGTCTCTGCAG
seq45,CAGGTCCAACTGCAGCAGCCTGGGGCTGAGCTTGTGAAGCCTGTGGCTTCAGTGATGCTGTCCTGCAAGGCTTCTGGCTGCACCTTCACCAGCCACTGGATGCAGTGGGTAAGACAGAGGCCTGGACAGGGCCTTGAGTGGATCGGAGAGATTGATCCTTCTGATACCTATATTAACTACAATCAAAAG-TTCAAGGGCAAGGCCACATTGACTGTAGACACATCCTCCAGCACAGCCTACATGCAGCTCAGCAGCCTGACATCTGAGGACTCTGCGGTCTATTACTGTGCAAGAGGTGAACAACTGGTCTGGTTTGCTTACTGGGGCCAAGGG--------------------------ACTCTGGTCACTGTCTCTGCAG
seq46,CAGGTCCAACTGCAGCAGCCTGGGGCTGAGCTTGTGAAGCCTGGGGCTTCAGTGATGCTGTCCTGCAAGGCTTCTGGCTGCACCTTCACCAGCCACTGGATGCAGTGGGTAAGACAGAGGCCTGGACAGGGCCTTGAGTGGATCGGAGAGATTGATCCTTCTGATACCTATATTAACTACAATCAAAAG-TTCAAGGGCAAGGCCACATTGACTGTAGACACATCCTCCAGCACAGCCTACATGCAGCTCAGCAGCCTGACATCTGAGGACTCTGCGGTCTATTACTGTGCAGGAGGTGAACAACTGGTCTGGTTTGCTTACTGGGGCCAAGGG--------------------------ACTCTGGTCACTGTCTCTGCAG
seq47,CAGGTCCAACTGCAGCAGCCTGGGGCTGAGCTTGTGAAGCCTGGGGCTTCAGTGATGCTGTCCTGCAAGGCTTCTGGCTGCACCTTCACCAGCCACTGGATGCAGTGGGTAAGACAGAGGCCTGGACAGGGCCTTGAGTGGATCGGAGAGATTGATCCTTCTGATACCTATATTAACTACAATCAAAAG-TTCAAGGGCAAGGCCACATTGACTATAGACACATCCTCCAGCACAGCCTACATGCAGCTCAGCAGCCTGACATCTGAGGACTCTGCGGTCTATTACTGTGCAAGAGGTGAACAACTGGTCTGGTTTGCTTACTGGGGCCAAGGG--------------------------ACTCTGGTCACTGTCTCTGCAG
seq48,CAGGTCCAACTGCAGCAGCCTGGGGCTGAGCTTGTGAAGCCTGGGGCTTCAGTGATGCTGTCCTGCAAGGCTTCTGGCTGCACCTTCACCAGCCACTGGATGCAGTGGGTAAGACAGAGGCCTGGACAGGGCCTTGAGTGGATCGGAGAGATTGATCCTTCTGATACCTATATTAACTACAATCAAAAG-TTCAAGGGCAAGGCCACATTGACTGTAGACACATCCTCCAGCACAGCCTACATGCAGCTCAGCAGCCTGACATCTGAGGACTCTGCGGTCTATTACTGTGCAAGAGGTGAACAACTGGTCTGGTTTGCTTACTGGGGCCAAGGG--------------------------ACTCTGGTCACTGTCTCTGCAG
seq49,CAGGTCCAACTGCAGCAGCCTGGGGCTGAGCTTGTGAAGCCTGGGGCTTCAGTGAAGCTGTCCTGCAAGGCTTCTGGCTGCACCTTCACCAGCCACTGGATGCAGTGGGTAAGACAGAGACCTGGACAGGGCCTTGAGTGGATCGGAGAGATTGATCCTTCTGATACCTATATTAACTACAATCAAAAG-TTCAAGGGCAAGGCCACATTGACTGTAGACACATCCTCCAGCACAGCCTACATGCAGCTCAGCAGCCTGACATCTGAGGACTCTGCGGTCTATTACTGTGCAAGAGGTGAACAACTGGTCTGGTTTGCTTACTGGGGCCAAGGG--------------------------ACTCTGGTCACTGTCTCTGCAG
seq50,CAGGTCCAACTGCAGCAGCCTGGGGCTGAGCTTGTGAAGCCTGGGGCTTCAGTGAAGCTGTCCTGCAAGGCTTCTGGCTGCACCTTCACCAGCCACTGGATGCAGTGGGTAAGACAGAGGCCTGGACAGGGCCTTGAGTGGATCGGAGAGATTGATCCTTCTGATACCTATATTAACTACAATCAAAAG-TTCAAGGGCAAGGCCACATTGACTGTAGACACATCCTCCAGCACAGCCTACATGCAGCTCAGCAGCCTGACATCTGAGGACTCTGCGGTCTATTACTGTGCAAGAGGTGAACAACTGGTCTGGTTTGCTTACTGGGGCCAAGGG--------------------------ACTCTGGTCACTGTCTCTGCAG
seq51,CAGGTCCAACTGCAGCAGCCTGGGGCTGAGCTTGTGAAGCCTGGGGCTTCAGTGAAGCTGTCCTGCAAGGCTTCTGGCTACACCTTCACCAGCCACTGGATGCAGTGGGTAAGACAGAGGCCTGGACAGGGCCTTGAGTGGATCGGAGAGAGTGATCCTTCTGATACCTATACTAACTACAATCAAAAG-TTCAAGGGCAGGGCCACATTGACTGTAGACACATCCTCCAGCACTGCCTACATGCAGCTCAGCAGCCTGACATCTGAGGACTCTGCGATCTATTACTGTGCAAGAGGTGAACAACTGGTCTGGTTTGCTTACTGGGGCCAAGGG--------------------------ACTCTGGTCACTGTCTCTGCAG
seq52,CAGGTCCAACTGCAGCAGCCTGGGGCTGAGCTTGTGAAGCCTGGGGCTTCAGTGAAGCTGTCCTGCAAGGCTTCTGGCTACACCTTCACCAGCTACTGGATGCAGTGGGTAAAACAGAAGCCTGGACAGGGCCTTGAGTGGATCGGAGAAATTGATCCTTCTAATACCTATACTAACTACAATCAAAAG-TTCAAGGGCAAGGCCACATTGACTGTAGACACATCCTCCAGTACAGCCTACATGCAGCTCAGCAGCCTGACATCTGAGGACTCTGCGGTCTATTACTGTGCAAGAGGTGAACAACTGGTCTGGTTTGCTTACTGGGGCCAAGGG--------------------------ACTCTGGTCACTGTCTCTGCAG
seq53,CAGGTCCAACTGCAGCAGCCTGGGGCTGAGCTTGTGAAGCCTGGGGCTTCAGTGGAGCTGTCCTGCAAGGCTTCTGGCTACACCTTCACCAGCTACTGGATGCAGTGGGTAAAACAGAAGCCTGGACAGGGCCTTGAGTGGATCGGAGAAATTGATCCTTCTAATACCTATACTAACTACAATCAAAAG-TTCAAGGGCAAGGCCACATTGACTGTAGACACATCCTCCAGTACAGCCTACATGCAGCTCAGCAGCCTGACATCTGAGGACTCTGCGGTCTATTACTGTGCAAGAGGTGAACAACTGGTCTGGTTTGCTTACTGGGGCCAAGGG--------------------------ACTCTGGTCACTGTCTCTGCAG
seq54,CAGGTCCAACTGCAGCAGCCTGGGGCTGAGCTTGTGAAGCCTGGGGCTTCAGTGAAGCTGTCCTGCAAGGCTTCTGGCTACACCTTCACCAGCTACTGGATGCAGTGGGTAAAACAGAGGCCTGGACAGGGCCTTGAGTGGATCGGAGAGATTGATCCTTCTGATAGCTATACTAACTACAATCAAAAG-TTCAAGGGCAAGGCCACATTGACTGTAGACACATCCTCCAGCACAGCCTACATGCAGCTCAGCAGCCTGACATCTGAGGACTCTGCGGTCTATTACTGTGCAAGANNNNNNNNNNNNNNNNNNNNNNNNNNNNNNNNNNNNNNNCCTGGTTTGCTTACTGGGGCCAAGGGACTCTGGTCACTGTCTCTGCAG
seq55,CAGGTCCAAGTGCAGCAGCCTGGGGCTGAGCTTGTGAAGCCTGGGGCTTCAGTGAAGCTGTCCTGCAAGGCTTCTGGCTACACCTTCACCAGCTACTGGATACAGTGGGTAAAACAGAGGCCTGGACAGGGCCTTGAGTGGATCGGAGAGATTGATCCTTCTGATACCTATACTAACTACAATCAAAAG-TTCAAGGGCAAGGCCACATTGACTGTAGACACATCCTCCAGCACAGCCTACATGCAGCTCAGTAGCCTGACATCTGAGGACTCTGCGGTCTATTACTGTGCAAGAGGTGAACAACTGGTCTGGTTTGCTTACTGGGGCCAAGGG--------------------------ACTCTGGTCAGTGTCTCTGCAG
seq56,CAGGTCCAAGTGCAGCAGCCTGGGGCTGAGCTTGTGAAGCCTGGGGCTTCAGTGAAGCTGTCCTGCAAGGCTTCTGGCTACACCTTCACCAGCTACTGGATACAGTGGGTAAAACAGAGGCCTGGACAGGGCCTTGAGTGGATCGGAGAGATTGATCTTTCTGATACCTATACTAACTACAATCAAAAG-TTCAAGGGCAAGGCCACATTGACTGTAGACACATCCTCCAGCACAGCCTACATGCAGCTCAGTAGCCTGACATCTGAGGACTCTGCGGTCTATTACTGTGCAAGAGGTGAACAACTGGTCTGGTTTGCTTACTGGGGCCAAGGG--------------------------ACTCTGGTCAGTGTCTCTGCAG
